a,e,inc_rad
1.159924655110230015e+04,8.034394987025526014e-01,6.466550231317690356e-01
1.002205269506308105e+04,7.069622446873070620e-01,6.495090270561141299e-01
1.606644293889456640e+04,9.989780446071158115e-01,1.558198062828545782e-01
6.419279081061456964e+03,6.294981965783923439e-01,5.011297720745021972e-02
7.320877820483543474e+03,9.742943242613104626e-01,7.722328388082861927e-01
7.307766485165111590e+03,9.974553843630681316e-01,6.567112566316726241e-01
1.727925934656351819e+04,9.974286788225527056e-01,1.555867266387986669e+00
2.613874442530941451e+03,9.955611652724432048e-01,8.392714883267743398e-01
5.067810682604351314e+03,5.899860557513851855e-01,3.703039344827294133e-01
4.282693353133741766e+03,9.971512688542023550e-01,2.505200980873203975e-01
2.766692534180096482e+04,9.768895943761741751e-01,4.701823627004830808e-01
3.135044678701294106e+04,9.952307521474854646e-01,1.137237285044514046e+00
5.259869250489790829e+03,7.120766621910219474e-01,5.158556410444249396e-01
3.176413944521719532e+04,9.876307271194131321e-01,8.824698110518873762e-01
3.005794763507454991e+04,9.966752058915758772e-01,6.212743565840823656e-01
1.229841826485108686e+04,9.884506559785883884e-01,1.365239003693082376e+00
2.620905392487434801e+04,9.866286377998553236e-01,1.277081321721767582e+00
2.961105858772856664e+04,9.894642320862829799e-01,9.257513468639210208e-01
2.429957255930211977e+04,8.092408817931309173e-01,1.107949094783439170e+00
2.438122689231027107e+04,4.535206518409059528e-01,2.798058542015323651e-03
3.856249301451985048e+03,6.256265459980083765e-01,1.437285056739255662e+00
2.536839090075633794e+04,8.843510215892002035e-01,1.501613024494296011e+00
1.894866388115549853e+04,9.379688739484388638e-01,4.621558115595879035e-01
2.834792659184566674e+03,6.012697144420333650e-01,1.528487578521526280e-01
1.030398909975832248e+04,5.241638970216462301e-01,2.581975161963961929e-01
2.519512379768613755e+04,4.658997291558387710e-01,1.011652007596923974e+00
2.170320313052562778e+04,7.239129233131296193e-01,1.456960583830263944e+00
8.083859389205758816e+03,9.982356946091119898e-01,4.512958609338982296e-02
9.722172281413693781e+03,1.197126650471445064e-01,2.875644491679001380e-01
1.195442246010867530e+04,9.294201836465729727e-01,1.418980647317165555e+00
2.347105126658153677e+04,2.453815866509452270e-01,2.259168526038885308e-02
2.534788787927431713e+03,9.897604282967239486e-01,1.063008362082552338e+00
1.283028511418834387e+04,9.935136437937186482e-01,1.402285251815873934e+00
1.594926345983939427e+04,9.863108287383196560e-01,1.064604967140001524e+00
7.559004120301633520e+03,2.303088958470876912e-01,1.420808218211695895e+00
9.592091272122816008e+03,9.975186973355796294e-01,7.629088096745828551e-01
5.657695427610745355e+03,9.343079027710260442e-01,7.766043506349057379e-01
1.124322340628681741e+04,5.839538942899371587e-01,7.424078829498309551e-01
4.756503020750930773e+03,9.733447478400547581e-01,9.828967051660555398e-01
3.405205603818460077e+03,8.334856927982270403e-01,1.400746354395233650e+00
6.552508699849853656e+03,5.130993201901140610e-01,4.156443098371084277e-01
1.205474939566924513e+04,9.154111160045005358e-01,8.087486923408989670e-01
1.100383922279893704e+04,6.319462257935687388e-01,2.219646632031602729e-01
1.547883125102672057e+04,9.942299136938865800e-01,8.852960689048590126e-01
1.937274622442498003e+04,9.844377849233846289e-01,1.496533006853687287e+00
3.348037753757349492e+03,9.700702130276832591e-01,5.654532958084972361e-01
5.484363501726777940e+03,6.142806699513353452e-01,2.931321259714332883e-01
2.712432089342532709e+04,9.941942955670427517e-01,1.403632772943759655e+00
6.380461498161206691e+03,9.964847092062487643e-01,9.958785563176996147e-01
1.165742594537472723e+04,9.964807096801041597e-01,1.191788563106205290e+00
2.846726498818215259e+04,8.215430081638157578e-01,1.919297678414432773e-01
5.965683000866536531e+03,9.541030840157629367e-01,4.818483487386869824e-01
1.631797355821865676e+04,1.920690849000613598e-01,8.352518461936027094e-01
8.388682932902840548e+03,7.031153462647418140e-01,1.301346156674834997e+00
2.246901727385038612e+04,7.800514459660419231e-01,1.070924055726863333e+00
4.267219563805440885e+03,9.955268576550309056e-01,7.314356052180771561e-01
7.752727425912778017e+03,3.439839034220412151e-01,1.427935418225562136e+00
1.604321898528137353e+04,9.986772356267333839e-01,1.057842076430018707e+00
7.497382927541225399e+03,6.825710757242310356e-01,1.433421337642031279e+00
2.862090628410071076e+04,7.471921082980329532e-01,2.738164930581449275e-01
6.234740772489859410e+03,5.922241497750253547e-01,7.242069418079609688e-01
1.074925633942212517e+04,3.467931442490368443e-01,4.745892514883771063e-01
9.244110282956338779e+03,9.893778523139339365e-01,4.879815463873688614e-02
3.358803371811979105e+03,9.267068155680477926e-01,6.554529577082880420e-01
2.541980214113678812e+03,9.824701081520679224e-01,1.280609679836469006e+00
1.023705738253321397e+04,3.793874703416807437e-01,8.098832579548581601e-01
2.255646883813654858e+04,8.194293300563316729e-01,1.458012829770521046e+00
8.127118425859530362e+03,6.246632233710911475e-01,3.381956487241029839e-03
2.442871210074127157e+04,4.726217541384202248e-01,1.491062912942477725e+00
4.639142793977756810e+03,9.288051308622419233e-01,4.496912690081056874e-01
2.543899085185829335e+03,9.843749938836185986e-01,1.642655058136893997e-01
2.153575911409582113e+04,9.772473948869697669e-01,1.480024885315114336e+00
3.777169502370199552e+03,4.392980746693671001e-01,3.359761536340001298e-01
9.363865515666137071e+03,9.689782621631987114e-01,3.676696531315141736e-01
1.777234941201628681e+04,8.639566167001170305e-01,3.980809417770398984e-01
9.380093055309916963e+03,9.937597436077542090e-01,6.832392122908899079e-01
1.209406638817261774e+04,9.729660585383848037e-01,1.568894827265587544e-01
1.837519278229180782e+04,9.102281185146517961e-01,1.224234131816546167e+00
1.264262603635004416e+04,6.369940542656991056e-01,1.208304558167509812e+00
1.478590081038473363e+04,7.569819415558320941e-02,6.836566457185934143e-01
8.925692289873113623e+03,9.951767634586352607e-01,1.429374241242785948e-01
3.621092178132376375e+03,9.870605895721537015e-01,1.131878469909135543e-01
1.291134006766334278e+04,9.974479964069884463e-01,1.225336570530235925e+00
1.254415940672504439e+04,6.712054492231491754e-01,5.887144396007462088e-01
1.703126345013446917e+04,9.855170723757129547e-01,6.151202892961094015e-01
1.285703233473410728e+04,9.942894284001226879e-01,9.016261373014088365e-01
2.726831655010768827e+03,1.693844910741530985e-01,8.277481832918404114e-01
1.353053464392465503e+04,6.112820211127553138e-01,3.990127217528962288e-03
3.872768939673737350e+03,9.653721480902127672e-01,1.181105021277061073e+00
7.680962101560496194e+03,9.504227307303410033e-01,6.291311560360515198e-01
1.096728348011369781e+04,9.978350246216606267e-01,1.194583343355165805e+00
2.686943761340547280e+04,9.899708055816139884e-01,1.202095140270041940e+00
3.087781497900460454e+04,2.319110611306518521e-03,4.659326950049706983e-01
3.278424716942584200e+04,9.808740324981741754e-01,1.528764637147500993e+00
9.738333674984200115e+03,9.972544948320436475e-01,1.291140316101546670e+00
1.829911196779500824e+04,9.163152693023716155e-01,6.253126296850616828e-02
9.819696579288012799e+03,9.971658292101260868e-01,7.535444238005318818e-01
8.368231439523480731e+03,9.985992450478494709e-01,8.001636162693710475e-01
1.242546726796567600e+04,9.977293697243803106e-01,2.836117923515120709e-01
4.120209347690198229e+03,2.648142455769120218e-01,6.169875228553427515e-01
1.080510270884345482e+04,9.442990264769672848e-01,7.400575273317359093e-01
4.190682282453573862e+03,9.607409750948829874e-01,2.487576982379751389e-01
9.173307296888704514e+03,1.553395116155948941e-01,4.917271299649701444e-01
2.953590702303852595e+03,8.395728741484137503e-01,8.414661700539162181e-01
1.037945905036322074e+04,9.967841663802807783e-01,1.089647763624439047e+00
4.319529435158628985e+03,9.864463688609198533e-01,5.945938246197499666e-01
1.618634297897858232e+04,2.022162203606456821e-01,1.380629605177744024e+00
4.296707350366630635e+03,9.951952902823907321e-01,1.269895566455197189e+00
2.779347563079746396e+04,9.204818118011051098e-01,1.503798285617074182e+00
3.847544282093522725e+03,7.758271325781580519e-01,8.541051698688523208e-01
1.068288869733972024e+04,8.098132716783754681e-01,1.183258299447992989e+00
5.404261289358689282e+03,5.676748348113074272e-01,8.259278097466058455e-01
6.160036396605630216e+03,9.948124611563994302e-01,4.805245486039510516e-01
4.364231163769045452e+03,9.652547127821862194e-01,4.566292931761329332e-01
4.947804131176706505e+03,8.717707089654607167e-01,7.565892802809777266e-03
1.559168952088788683e+04,2.206610204086993932e-01,7.551542438752700814e-01
8.767058016933711770e+03,9.781794153822606086e-01,2.805562229467694624e-01
3.965093371174298682e+03,9.246719141302400802e-01,1.411772830702028747e+00
5.379709529524632671e+03,9.929434509530573605e-01,1.223110662182840036e+00
4.805860182677445664e+03,9.937775341615394664e-01,7.841695037210749675e-01
3.570602889730595052e+03,8.113261444932607924e-01,8.422091818300969646e-01
6.907073123488676174e+03,9.714930301956870018e-01,1.210528556441246684e+00
1.198534208876460070e+04,9.638841429845105280e-01,9.988198097679579224e-01
7.693959292890612232e+03,2.788565369361372115e-01,7.357589915578589546e-01
2.728870774480082400e+04,9.669615435134372161e-01,9.183052431828315765e-01
2.482371900644756533e+04,9.843621098772125100e-01,1.354114989012206394e+00
2.668370940122016691e+04,7.698858153248042679e-01,3.810093329362205239e-01
1.249922346082709737e+04,4.196445274209390508e-01,2.756848365896670261e-01
2.873595567114094956e+04,9.913905031193842587e-01,1.265507526710300645e+00
7.691674659069808513e+03,9.984939866895882199e-01,1.267095288852039481e+00
4.380546965909798928e+03,9.732836703260286937e-01,8.441761186157985541e-01
1.248142792282518712e+04,9.886936809594677467e-01,1.374591047219220430e+00
9.782852399680306917e+03,9.946755043831665422e-01,8.635195496690595274e-01
1.586385008192762689e+04,9.744808699725058254e-01,9.787705799000742113e-01
1.052029664810974100e+04,9.555836372186294891e-01,3.552353768890023633e-01
1.017603040536753906e+04,5.620816736165769045e-01,1.207357445082808622e+00
1.061678795568575333e+04,9.987042450627208190e-01,1.369551396944623356e+00
2.062941075513942997e+04,9.984968858132956537e-01,2.063735254412676634e-01
3.767378699870318087e+03,9.523146329968021906e-01,7.174077682302004710e-01
2.202116934366206624e+04,3.581685588053223901e-01,1.095708349898796063e+00
9.351531298865644203e+03,9.926617083949567100e-01,9.917648170391909490e-01
4.169065140208123921e+03,4.030863794718908544e-01,8.920637190572622277e-03
3.251749062436995700e+03,2.133750647669854228e-01,1.535956843052974419e+00
7.474768789475235280e+03,8.793240495463814366e-01,1.312565892285502800e+00
4.145916402989907510e+03,9.641895436208209880e-01,1.422244791512022211e+00
2.845079014864928467e+04,7.523599836439768263e-01,5.703139808353054896e-01
2.842117515303392429e+04,6.096744979830949207e-01,4.271829573647298872e-01
4.764550079946428013e+03,4.169132169868076110e-01,9.349561074488098589e-01
1.593534482037160342e+04,9.977829660444357263e-01,6.503905083832683953e-01
7.091753900741622601e+03,9.345261404517992698e-01,8.236833022872585008e-01
1.219553706047836749e+04,9.925268538213951608e-01,1.335021027543195293e+00
8.209226095236759647e+03,9.820771465340601969e-01,8.218748884994997450e-01
1.567268931087348938e+04,9.983361343295027446e-01,6.500411287620296852e-01
1.504367546326696720e+04,9.982474710060638134e-01,3.019671079847730533e-01
3.126883493275178807e+03,9.306480481679004768e-01,1.306507038981496116e+00
1.809172404076503517e+04,9.983903386590582407e-01,3.300551508266491019e-01
3.793196882979222210e+03,9.932560272108907906e-01,8.943299765897981812e-01
2.860103041507149101e+04,9.678878678447386807e-01,3.209882030810842779e-01
1.949219298628567412e+04,9.941025586484071308e-01,1.350594436796735076e+00
1.685770499106503121e+04,9.348367111018976994e-01,1.445954566653282036e+00
6.670944191486189084e+03,9.421372991807985819e-02,2.468266150009073012e-01
1.046454916724974282e+04,9.989493913460804064e-01,6.634516111164143748e-01
1.182964205124869477e+04,9.733973043129392488e-01,1.355299247012620389e+00
6.118793983226893033e+03,4.309521995658294191e-02,6.992811002023290312e-01
5.623511610540801485e+03,9.895157156233012063e-01,4.221936208001673130e-01
3.321188076213808017e+03,9.923488750844171591e-01,5.606609809100345787e-01
8.742195842612363776e+03,9.907888620760607612e-01,5.237645222690553437e-01
5.544461496520146284e+03,5.926801230176330648e-01,3.855783612157642065e-02
2.325084574277039064e+04,8.729351322190763707e-01,1.522349004494587321e+00
4.179594103377711690e+03,9.916077581858548928e-01,4.322992559725362116e-01
6.823874202336754934e+03,2.513860967215776343e-01,6.941889186752260299e-01
1.871295611804620057e+04,9.971396020879423894e-01,1.237877664295834873e-01
1.288330750064087078e+04,3.228396474010198913e-01,4.211319023002891293e-01
1.502409645275166622e+04,9.698265895981745821e-01,9.660767996712403827e-01
1.202037771690324917e+04,8.507445118983323340e-01,1.128297421232481001e+00
5.342542703071211690e+03,9.930034123433583160e-01,1.431110496889363537e+00
2.559280713046531673e+03,8.356999494902914716e-01,1.321366824725497269e+00
5.329076260405859102e+03,9.704564661724698338e-01,1.215838046069117828e+00
2.290365572597809660e+04,6.277952806854700807e-01,1.114120417301671662e+00
3.957445047206118943e+03,9.962406643076453516e-01,1.557366516147925539e+00
3.920791779979162129e+03,6.699553676242315792e-01,8.768668349237612736e-01
5.970983825153369253e+03,9.710904112268156085e-01,1.183364324399658607e-01
1.722220292180424804e+04,9.969286563608855678e-01,9.390404161033529817e-01
4.741500167495197275e+03,9.575668187438386436e-01,1.549833707726693266e-01
1.825727107499454360e+04,9.735711888345915943e-01,1.105851126415433816e+00
5.942872779424777946e+03,9.970232826388909508e-01,1.016116101666250549e+00
7.843692922565252047e+03,5.075458635765113247e-01,1.123605599838599645e-01
1.108349218262505565e+04,9.357007078374737219e-01,2.796760995908931235e-01
2.073545498374492308e+04,9.728804150094518821e-01,7.059831455594690608e-01
4.864834024533202864e+03,9.917110784354733477e-01,2.551287341712862172e-02
2.186289991248503065e+04,9.890278446478737440e-01,1.396608161707293405e+00
1.015159186977908757e+04,9.976783428534207188e-01,1.430615118629013693e+00
5.725836280151031133e+03,1.116623601606112626e-01,6.615937354025178685e-01
2.229327576552778555e+04,9.978464445504667824e-01,8.143531220489902411e-01
1.701120112679697922e+04,9.912777384017811277e-01,9.261877444023215444e-01
2.618081812088759762e+03,4.437882943071589370e-01,1.098387559329369267e+00
2.744949805863304937e+04,9.983561279627616303e-01,1.219417255786289012e+00
3.070088273876612220e+04,9.867981701457931853e-01,7.101650027059929204e-01
1.343968723277648678e+04,9.944776402154328343e-01,5.801144264762808644e-01
8.234234264580651143e+03,8.526605131744841026e-01,1.229974016794762731e-01
9.345286816353929680e+03,3.233933136167331801e-01,6.608649717977870264e-01
2.664728985235452274e+04,9.888015904243588894e-01,9.637603711105892090e-01
7.124428281875144421e+03,9.878021972618593605e-01,1.376791613043646612e+00
8.292966013297667814e+03,9.976423024477051316e-01,4.513324856728259671e-01
2.221524443492998034e+04,9.830315294512784741e-01,5.921234856557772153e-01
8.423093198197317179e+03,9.700860680536510516e-01,1.185278571836354766e+00
1.900515113988164376e+04,5.424828484066475109e-01,1.042105953611812907e+00
2.809513852043121005e+04,9.989450166430752232e-01,3.141923400914249931e-01
1.007521354493609942e+04,9.078956124786775606e-01,9.801515355168221033e-01
1.479807559280534588e+04,9.905264269705850166e-01,4.110287810017622112e-01
3.717027537212911284e+03,9.684796834717777081e-01,4.958201941696344650e-01
2.788202406050969785e+03,9.848969975049659542e-01,9.465333919500447113e-01
2.381657790622641915e+04,7.599732561973875367e-01,1.065095689303458881e+00
6.874854136345221377e+03,8.734774924787817030e-01,7.684261125098187373e-01
1.401532106100506826e+04,9.874638169311044100e-01,1.932414339952463755e-01
3.002710879594658763e+04,9.972276969738664842e-01,9.657490078958554935e-01
3.028919203853753970e+03,9.668315193990455469e-01,6.707552943351277053e-01
5.141044785505951950e+03,9.162413540330427431e-01,1.052784408983743036e+00
5.931202148644860245e+03,9.949777275930424825e-01,1.412254413503734485e+00
2.983255711113699726e+04,9.965857795688966014e-01,9.290820722201060811e-01
1.889796027526012404e+04,7.049880329847316718e-01,3.773106221655802561e-01
3.663975732297895775e+03,9.947247472147715541e-01,1.042691083963143139e+00
3.095335330032135516e+03,9.498673687505465590e-01,1.435393729301147614e+00
2.364182379480428790e+04,9.989209475103035807e-01,7.374397471960759676e-01
1.550736538600433232e+04,9.978799178413838566e-01,1.002065404368051249e+00
1.994607623764012533e+04,3.770338065844851538e-01,1.272029309053074542e+00
1.302165963300229305e+04,9.887503423304009331e-01,8.673317402465015036e-01
6.616848795025006439e+03,9.393735894659680508e-01,4.287637693398159144e-01
4.416228162471742507e+03,9.927113991039837604e-01,1.930548725185295134e-01
2.068625010507562911e+04,9.989873392502919280e-01,5.123167151811862663e-01
7.982414578742882441e+03,9.517081180787776429e-01,8.990997120214280214e-01
8.189708452197383849e+03,9.977774177057766591e-01,1.472835779178953419e-02
6.308787847827520636e+03,6.745788042848368526e-01,1.250685019988027058e+00
3.707518445837089530e+03,9.898216012560625554e-01,1.536583517252252618e+00
2.819815553834625916e+03,9.409622655307121608e-01,7.213428521316058717e-01
6.571675061963970620e+03,9.430260414723324880e-01,1.099456295363273120e-02
1.819188288205086792e+04,9.963943383518816255e-01,3.779624576652890200e-01
1.853439915609793388e+04,9.580496437635481755e-01,5.222033139839660221e-01
3.720030908576214642e+03,6.390965723115196173e-01,1.293510874717810122e+00
2.881727200554051706e+03,9.864860378282055420e-01,9.481908424328376883e-01
8.020212637252659988e+03,7.159822706444217699e-01,2.613487578913472609e-01
1.028785521983183753e+04,1.979437449588196118e-01,1.371199823215257796e+00
3.143704265279154788e+04,8.262599578211368145e-01,5.174391535776611262e-01
2.977884123649940011e+04,9.774165948649969904e-01,3.528401136296716728e-02
9.464134859751453405e+03,5.947502376731589324e-01,9.587137402922598639e-01
2.525103704577752433e+04,5.740923391697125844e-01,8.732744748221228370e-01
7.772961658999081010e+03,9.151653963503040279e-01,1.043273600144568602e+00
3.959906187498267627e+03,8.665265606567895684e-01,1.104463056171726354e+00
3.264769434398191515e+04,9.643709549406924708e-01,1.084923452527208010e+00
6.695431272229477145e+03,6.589298997490316001e-01,7.302675304191935668e-01
7.481234683756210870e+03,9.111275297830507824e-01,6.111044997444728955e-01
6.466401948560823257e+03,9.694087972406100207e-01,1.429223728083889311e+00
2.848662081194904204e+03,9.862440605556128670e-01,1.490679414849817919e+00
2.857262488782993842e+03,8.623475603079627794e-01,3.178220826091714413e-01
2.435328830911430123e+04,9.381101522716553953e-01,7.620383810532336266e-01
2.605741825583266291e+03,5.732554105896900953e-01,1.331655474149994633e+00
5.634099390769220918e+03,7.150212482640079248e-01,4.420936443015563988e-01
2.126912506886577467e+04,7.166078374005602214e-01,8.714008577001330913e-01
5.605279274919392265e+03,7.376583225009056832e-01,4.926351999938725079e-01
2.163357828306595911e+04,9.166166119649433730e-01,1.569214981660860708e+00
2.673932078990052560e+03,9.883999304649675466e-01,5.520797346577009934e-01
1.623691303589251038e+04,9.881665824440737378e-01,1.025760385131887498e+00
1.164989130897543509e+04,5.301782963007355409e-01,8.041834441622434104e-01
1.155904104288863164e+04,7.666859575883566702e-02,9.048174221306716503e-02
1.359802735648863199e+04,9.034645672082031176e-01,6.047309270410290427e-01
1.528796192262070144e+04,9.982088101253266954e-01,2.085377291025560798e-01
1.450651443007787202e+04,2.320660730228739643e-01,5.875366895274233281e-01
5.757920049283680783e+03,8.675330677911443633e-01,9.684054809854731882e-01
2.159144301054594689e+04,9.134031907373758585e-01,1.238447417769156234e+00
3.695476880685330798e+03,9.382035016492848989e-01,4.104797936830427707e-01
7.458659244355096234e+03,2.602470036612208881e-01,1.541369094156543884e+00
3.205535524323632217e+03,9.467524160562897917e-01,1.526535008257562165e+00
2.750576310309339988e+03,9.890601235344619324e-01,1.848378625753465676e-01
6.266897866013855491e+03,9.964301872981371488e-01,8.429486929714637145e-02
6.554898994549404961e+03,9.332249166473128854e-01,1.657891998108345089e-01
6.492005886113658562e+03,8.848176930597781986e-01,1.060803572302298381e+00
2.431652752592617253e+04,9.614482160660345889e-01,9.864844319555158281e-01
2.215390466784455930e+04,9.984874683491968828e-01,4.387376143015217500e-02
6.496347209321041191e+03,9.859117628001495826e-01,1.269476167690178903e-01
4.475462932587007344e+03,9.615726352103369790e-01,1.537309606311572097e+00
4.402729289498040998e+03,9.121986624941430533e-01,4.945803324273384538e-01
2.922474396822614654e+04,3.280215337701358758e-01,8.582945989039831858e-01
2.539485708796097697e+03,9.560268597328739348e-01,9.221593365095903660e-01
1.795277800106712675e+04,9.602260274206545487e-01,9.507408996002512103e-01
3.557472027318208802e+03,9.939360097783389580e-01,1.201968786775005626e-01
8.856315163491986823e+03,8.804027712562595420e-01,1.356746073020145271e+00
3.231673095044885486e+04,9.961528076098844497e-01,4.799629862409925812e-02
2.111959511174803993e+04,4.015040172981427791e-01,1.342821955730217454e+00
1.474983833777743348e+04,9.858654859771505130e-01,4.776365606994355528e-01
1.244784062254129276e+04,7.128215823357764158e-01,6.814115689345862092e-01
4.622681221404376629e+03,5.718789279026157413e-01,6.791873339669075860e-02
2.211556440872376697e+04,8.993748056020166581e-01,6.638227300813417386e-01
6.760765136633555812e+03,9.980439737368059783e-01,1.334018905209783723e+00
6.867585614276276829e+03,5.559182076674158424e-01,8.150920573483035891e-01
2.773035353633706563e+03,9.340113748347118605e-01,1.528350650163214697e+00
2.007189982094439983e+04,6.433711747085333332e-01,1.386691121670329041e+00
3.278361884669449410e+03,9.955196804409032207e-01,1.794828944750501976e-01
1.920057061692866409e+04,4.352637043578080345e-01,3.195262622739203362e-01
4.373709030232730584e+03,9.967749418404600048e-01,7.258858092700407605e-01
6.109288884497466825e+03,8.760394170487101340e-01,6.602774499188545088e-01
1.616158073828418674e+04,5.794342183966147974e-01,1.181730291502026686e+00
3.509596749646123044e+03,8.969782047318771712e-01,1.352736746932567957e+00
1.428134287358267102e+04,9.926682136556292946e-01,2.363254015528336305e-01
4.614927098904682680e+03,5.622386042863469768e-02,4.967325455258421174e-01
2.631953671384763220e+04,9.328708941472021454e-01,9.080140733497139571e-01
1.735407781412487748e+04,7.495291065461207047e-01,1.551647568002885391e+00
4.547115932552826052e+03,9.962518564151681133e-01,3.411801615557418788e-01
3.227319760837787908e+04,9.173638252751825650e-01,1.198603150662149508e+00
1.321366130841356789e+04,9.092216825121678392e-01,9.139549284419338226e-01
1.638800124270201559e+04,9.795539474622433351e-01,8.690575820764149251e-01
1.802536247776076925e+04,7.355183679083669990e-01,1.206680080695869073e+00
1.535580415298183834e+04,9.979755850541853768e-01,8.976977600183114747e-01
5.233172655600887992e+03,9.908862709332652008e-01,3.708967464129204195e-01
1.646181130106464479e+04,9.359380021463012955e-01,8.957026886833362456e-01
7.628348955089182709e+03,9.960766934744013090e-01,3.572874376346212022e-02
3.535841604164781529e+03,9.510107837092651728e-01,7.734892087329022781e-01
5.225835422355303308e+03,8.165756912431426651e-01,1.180048573037190351e+00
5.890415041270473012e+03,4.060729103124800510e-01,6.772079803507602414e-01
1.696604426735137167e+04,6.083579189683339106e-01,3.455779837325873571e-01
2.528403241828799219e+04,9.987518957664691666e-01,6.074843263154249273e-01
1.239975595372534735e+04,5.664412774593587940e-01,7.962850371393624949e-01
2.037173309524486467e+04,9.783624280493923298e-01,4.354488390099766071e-01
1.364520135301848131e+04,9.884737385633050044e-01,1.110354742733251410e+00
5.752494977645797917e+03,9.630376755935768918e-01,6.030903662171659407e-01
2.504840981091210415e+04,9.939593181799386556e-01,5.671165112637065187e-03
4.457082107881126831e+03,1.139287376036579591e-01,4.190754410614942471e-01
1.848977716986497762e+04,6.935150800406209015e-01,3.040307354074802126e-01
3.051906245842591034e+03,6.767008864817214420e-02,3.067281049494441914e-01
9.651560649344186459e+03,9.985638489086596792e-01,1.462159650845982206e+00
2.909076747231713671e+04,9.986893122597699790e-01,1.004032235169857401e+00
4.127610829283630665e+03,7.896733491347189826e-01,3.528971692907305613e-01
2.567895153672036031e+03,9.214259382647201901e-01,1.393940295970243604e+00
1.251507409415189431e+04,8.608371904438224531e-01,1.351894180692539527e+00
7.958920560212844066e+03,9.809859573430205204e-01,1.125458245612786401e+00
2.874061742291492465e+03,9.958130143957307778e-01,1.288431367546798878e+00
3.835821599057117055e+03,8.076488076929015936e-01,1.308587116063661057e-02
4.278533477192272585e+03,7.352921595729861037e-01,1.567601557368155429e+00
7.751023297069433283e+03,9.952452697194112963e-01,1.196827034594668548e+00
9.428289112812111853e+03,9.877465305523588368e-01,7.477168228553195961e-01
6.011957176865757901e+03,9.907298700878033326e-01,1.359942775527169134e+00
3.197755350666552113e+04,9.678175901959864547e-01,2.592445134312417188e-01
2.210407355948557597e+04,9.842597984872663019e-01,5.975176366645877923e-01
1.708659337192596286e+04,8.468040924929245428e-01,8.780509930281155118e-01
2.950922851958210686e+03,6.124007876281456486e-01,8.922063906580872394e-02
4.779458430920994033e+03,9.950858195019823826e-01,2.634396999065878320e-01
9.240710766931280887e+03,9.976561498781183479e-01,1.418238938218337797e+00
6.147636458572169431e+03,1.656243229405324202e-01,1.100373895282586778e+00
1.083648203848684170e+04,9.945346274387542040e-01,1.172307577086117325e+00
4.868491501494099793e+03,9.829120892320206693e-01,4.720635284513381991e-01
3.005468180755078265e+03,9.948922877003365528e-01,5.860341048227163396e-01
7.039923196264372564e+03,9.839018691361616220e-01,5.412670931492994386e-01
6.143520684621867986e+03,1.322068959633174723e-01,4.108709847299042012e-02
3.244016190748500230e+04,8.820752863343754857e-01,1.332967618565879198e+00
3.461042383396910736e+03,9.128088348609936231e-01,1.475975967494376206e+00
6.752417559871235426e+03,9.761935839870951037e-01,1.134125330672458576e+00
6.635753972151705057e+03,3.399028528912582114e-01,1.340299565406095073e-01
1.758405987173058020e+04,8.806706115034552695e-01,9.678304204898452445e-01
1.138966410242399070e+04,9.979220987547398058e-01,8.373744912465457269e-01
1.316027144837219748e+04,9.895635823923266683e-01,1.044175057859237254e+00
6.019815047683022385e+03,9.978119242277940781e-01,6.718427797569271887e-01
3.755082330806239952e+03,3.981472970521872101e-01,3.542281216442853542e-01
7.501639076033034144e+03,3.367135708994463128e-01,2.793931537106660312e-01
1.128447322222129151e+04,9.755417634891438983e-01,1.404513323571695782e+00
1.420161324428372427e+04,9.890047295558802576e-01,1.301545256096684922e+00
2.832030327789232615e+04,9.039594835390810657e-01,1.102528176664039572e+00
1.447753471154563158e+04,7.588587929693775269e-01,2.329070114903941946e-01
8.693080934565605276e+03,8.156661580616273444e-01,1.205202787082202187e+00
3.065536490551527095e+03,2.573242976802555537e-01,9.027757367304378722e-01
2.855229493358700347e+04,9.989241438146879704e-01,1.830527109811092706e-03
7.596926668134056854e+03,4.065966883148398603e-01,1.130871257361491189e+00
6.295997931667361627e+03,9.741884613815881000e-01,5.101068519381160016e-01
6.283004323864371145e+03,9.857219334681230904e-01,1.461775852422226851e-01
5.006037766536698655e+03,7.955821988071218875e-01,5.770284057350166806e-01
6.352958332478577177e+03,9.900727647768181594e-01,1.093240174678544285e+00
2.931833795751871003e+04,9.878136826074636057e-01,1.475620104091435625e+00
1.443151130195220321e+04,9.961387066244051791e-01,1.604989096475924470e-01
2.009601082396326092e+04,9.982993929997802107e-01,1.434922400179148960e+00
2.757429009222862078e+04,9.943014775489080748e-01,1.330329918391134791e+00
3.730582981579773787e+03,9.948305176186417187e-01,9.765018672788297049e-01
6.221548196455447396e+03,8.916383928948663495e-01,1.087596754561034329e+00
7.590350703780426556e+03,8.283681498965864698e-01,1.283529078003597945e+00
4.683695488150252459e+03,7.843738189617455170e-01,9.487903272983763125e-01
5.571599974280827155e+03,9.868952322807470479e-01,1.053624978524177580e+00
1.664207901067368584e+04,7.968914026123579131e-01,1.914582589614654551e-01
6.712998292741553996e+03,9.156957305210198239e-01,1.406425993351068993e+00
4.134708785810113113e+03,5.150354653640202285e-01,3.265121380007665608e-01
2.754968645286154697e+03,9.665328585109587145e-01,1.314163533475249723e+00
1.222945771843590592e+04,9.981549512933842738e-01,1.566454168418328630e+00
2.889638770137553001e+04,9.820298343233861971e-01,7.599171525603605204e-01
1.553711407866045192e+04,9.931767470999899317e-01,5.623677566647937720e-01
3.519190051483649313e+03,7.937991624200601004e-01,1.519747660122206856e+00
6.447822318581999752e+03,1.075073459104621820e-01,6.007098933472541091e-01
4.489362615737178203e+03,4.281300979736036849e-01,9.991112163816047442e-03
3.726984880005695231e+03,9.868204302715756215e-01,5.598270807932479443e-01
2.828762092513925381e+04,9.352957477756298488e-01,1.245995376620808059e+00
2.870127228643921626e+03,8.442636902429586643e-01,9.944184793305088643e-01
2.780704277395010195e+03,9.320709846766682682e-01,5.531578711242173263e-01
2.975683055887329829e+04,9.921047613769720108e-01,9.710169997604262138e-01
2.046755614127249282e+04,8.434425263012229612e-01,3.804451830995663753e-01
1.073126090078186644e+04,9.943788366197954254e-01,7.435723858870585401e-01
1.462683979386073042e+04,6.469336342089648806e-01,4.549584864736644918e-01
1.001900031207542634e+04,9.988561062132054191e-01,6.907614693746872980e-01
6.893479213340327078e+03,9.492152226243000257e-03,9.105755713554221087e-01
7.924510233419281576e+03,8.808831386966982091e-01,1.469163502347514916e+00
1.510913451897152117e+04,9.850628817294290185e-01,1.482647272298379892e+00
1.909332408695301274e+04,8.518482428280090835e-01,7.970795612368682947e-01
8.595551588416099548e+03,9.818834925000999858e-01,7.500925362643340311e-01
1.613619668005033964e+04,9.918517824156591889e-01,5.242739623363235069e-01
2.596882203566160388e+04,9.870837956311455663e-01,1.499740891385539898e+00
9.037740475445971242e+03,9.194514918670534387e-01,7.651248636139361681e-01
3.437842549175525619e+03,8.509420652772662352e-01,1.410273911400177660e+00
6.332422208920252160e+03,9.936537140788131994e-01,1.459538191914485639e+00
1.011667933108478974e+04,9.176413321493955833e-01,2.644497089318433303e-01
2.916773164407925833e+03,8.317397376121392627e-01,5.622375969055742884e-01
1.186312444417023653e+04,4.919480196935647198e-01,1.441098358464472984e+00
9.975440922405507081e+03,8.643194707231014462e-01,7.137794046978359619e-01
2.249015683714096303e+04,7.988067290324977199e-01,1.318994560876449507e+00
5.013280746206029107e+03,9.391305991726651703e-01,3.012631171857943491e-01
2.466209510495404902e+04,9.985741014999170995e-01,5.441563116005069256e-01
7.419627848688683116e+03,9.986082476268123287e-01,1.056700676011088413e+00
1.706273491279501832e+04,8.281352686765998117e-01,3.787403543870364042e-01
3.399700621339278314e+03,9.581922613721559623e-01,9.752829643092046918e-01
2.390937506500627205e+04,9.982515198064799700e-01,1.188817077979179154e-01
2.545278081895230935e+04,9.866763014357967654e-01,7.909280791051457316e-01
1.016534564433758351e+04,7.554633818528730949e-01,1.317103493896181865e+00
1.671422670184860908e+04,9.664215114955374553e-01,1.402983730385261918e+00
1.456385700315918984e+04,7.394488745353466896e-01,1.108506285552563142e+00
2.510715493178335964e+04,9.922943710244638282e-01,5.344207826230722158e-02
2.862476975237279930e+03,9.453769122673918446e-01,1.564903771211713979e+00
9.438885763185442556e+03,9.550138814179861546e-01,1.165823306949915317e+00
2.962199352284265115e+04,7.415191897895854201e-01,1.021358680873447167e+00
1.167172849408585535e+04,9.962296954714668917e-01,1.152649883804462760e+00
5.579223576726427382e+03,9.565051243126074798e-01,5.897175685985754923e-01
2.995425133532281689e+04,5.365502077030410710e-01,1.149787793843775274e+00
2.879898453896759747e+03,5.057015327987541831e-01,1.471299099505388286e+00
1.482171581921100005e+04,9.024125983640278736e-01,1.362374349789154282e+00
1.197141571817693693e+04,9.199596414349049400e-01,8.696212902898985408e-01
1.666313891255184717e+04,9.569726686966374407e-01,8.558011021176451516e-01
5.562075597694053613e+03,8.965481684328614476e-01,9.961487580649075468e-01
7.906218043802459761e+03,9.319158462324437231e-01,1.379446785273358955e+00
2.690829243747892906e+04,5.509851728265364734e-01,1.547875535577887263e+00
4.108790249909950944e+03,8.620286377497061725e-01,7.034856616178739586e-01
4.245317040069704490e+03,9.526435268951001234e-01,1.070082008562844855e+00
1.452577625793460356e+04,8.509013043156454792e-02,4.082974915320108228e-02
9.304473771712398957e+03,3.308391821069615046e-01,1.101622030804729979e+00
9.862536033534412127e+03,9.974697013208694285e-01,9.553301791925080666e-01
1.330327084073554579e+04,9.571021465515441307e-01,7.926149363073465848e-01
5.176599983606521164e+03,9.546166249175405127e-01,1.217047379049088329e+00
8.154313272533961936e+03,3.527344814597389577e-01,1.089242394527186464e-01
4.634848594708872952e+03,5.758437789331597445e-01,3.861166130799063567e-01
2.077656003151831101e+04,1.293739561710127717e-01,6.918708298625732001e-01
1.512752565129632967e+04,9.965006979211524785e-01,1.320652057496138232e+00
6.321722944346751319e+03,9.900252443524791834e-01,1.416730748191213696e+00
2.706122002487186910e+04,9.964674009524426834e-01,1.139012892982428138e+00
3.743913499004060213e+03,8.386474339245439946e-01,1.487010244715889939e+00
2.827429901515966412e+04,9.976076145158773167e-01,5.657913733086930019e-01
3.106500643501821287e+03,9.589503134939119100e-01,1.201384126486989556e+00
5.851172833092212386e+03,9.186813788155889782e-01,7.462017123615292125e-01
2.551919606010362713e+03,8.796427247203594257e-01,4.643072739006425254e-01
2.162746975061731791e+04,9.908411982310376676e-01,1.235279731473083897e+00
1.013517030418761169e+04,6.524672889731335523e-01,5.814607419168740243e-01
1.085475222900172048e+04,8.948038275961638366e-01,1.025270806527551759e+00
4.534358669212700079e+03,9.932861699258938026e-01,1.401765098433308987e+00
3.340574703662645788e+03,5.101609107215481220e-01,3.736631981989527174e-01
3.081096319939852492e+03,9.901996679066863427e-01,2.692132519957925463e-01
1.294869705845962380e+04,2.063560063813540957e-01,7.113416143148724169e-01
2.773231049143423661e+04,5.241042900015346895e-01,4.859124799256671623e-01
2.328626872760943297e+04,7.708677831907674305e-01,1.292543565455250565e-01
9.708650684666008601e+03,9.962643338690649886e-01,6.137213468267602723e-01
1.384439807979497891e+04,9.865564749035585779e-01,5.748982289283869340e-01
6.684533432628805713e+03,9.926341852739806182e-01,2.520338037445349899e-01
1.583539507094360488e+04,6.447873115701958646e-01,1.212854139179949664e+00
1.806755548649836783e+04,4.982358090730029110e-01,3.433110559829523623e-01
7.526350227297019046e+03,8.503678089676629526e-01,1.202769135108497256e+00
2.409241592883067642e+04,9.450369540386505118e-01,1.494314050321889908e+00
2.904195424271283628e+04,9.933717296465485180e-01,1.097540056543243159e+00
7.084402458589825073e+03,9.953250223762336590e-01,1.322253630172341099e+00
2.230910694184321619e+04,8.586962793629381308e-01,1.438206911572885272e+00
2.083152587821516863e+04,9.980798302587370330e-01,1.228072187209460431e+00
2.055620552347404373e+04,9.988490381918742056e-01,8.626505000502224796e-01
3.009412421936936153e+04,9.976963231772892904e-01,1.318132140291245202e-01
6.206308042229057719e+03,3.842548014217347374e-01,1.160018104554387808e+00
4.693525220649383300e+03,8.244758244552747861e-01,8.326908857966057731e-01
1.506705377863542890e+04,8.940806613566563144e-01,7.205710611365022666e-01
1.180955228099548913e+04,9.814125292701408876e-01,5.381138407367673793e-01
3.154467302403389840e+04,2.559273771933119335e-01,1.264025718081806859e+00
3.259979856689317603e+04,9.730258985603128519e-01,2.531856030265142721e-01
7.060012801600105377e+03,9.985240232646565017e-01,6.314130332132659174e-01
2.706295037335873076e+03,5.451764462340915607e-01,1.230312769506978876e+00
5.710046096818871774e+03,9.459360433793000400e-01,2.349641960798020679e-01
1.346174883311487065e+04,9.803590606176862954e-01,9.222802178903527492e-02
1.185094807793698237e+04,6.515510211882939995e-01,7.197218926706215880e-01
2.800708722753904567e+03,8.981155651235284143e-01,1.161416245824239191e+00
4.038143709884123382e+03,8.405614476746872121e-01,3.917327304415661460e-01
7.445840097749862252e+03,9.586026171017337782e-01,4.412256100323587726e-01
3.475465907967722160e+03,5.962053080970726171e-01,1.464374902273825052e+00
7.840904570656361102e+03,2.787765359979710311e-02,9.598924131907553281e-02
1.922738677947905671e+04,5.340995814581851464e-01,2.080104464768183781e-01
2.252274018499281738e+04,7.858972625588019900e-01,1.014551382352615105e+00
1.458321549070633773e+04,8.894900835930064087e-01,1.349758725548670490e+00
6.163713898546708151e+03,9.805256397310718741e-01,7.186539029900267384e-01
3.749678479111225442e+03,9.913476744155107490e-01,1.888801486270048624e-01
4.826689160611002990e+03,9.956867646495083379e-01,7.706465404648568662e-02
1.045111186130482747e+04,9.974978729383953135e-01,5.072082264802357798e-01
1.406376148364221081e+04,6.769829504871752723e-01,1.568325449175053787e+00
9.510991657022705112e+03,9.968631032430040895e-01,1.307907018827348944e+00
9.632009886024496154e+03,9.927955175547957811e-01,4.046917406653881555e-01
2.979180388477171618e+03,8.693445986289612959e-01,1.135916368563577361e+00
4.965585465291855144e+03,8.882629147336101871e-01,5.461207797561341559e-01
1.067091222299167930e+04,8.220044688816391387e-01,7.867291122909823020e-01
1.771203926206681717e+04,3.390095858540775886e-01,1.381524722271213701e+00
1.526988956972319284e+04,6.192358587122082092e-01,3.872265565483691829e-01
1.562392534412536406e+04,9.957473003819736768e-01,4.487821958161333225e-01
6.090764761303297746e+03,9.870069323570754838e-01,2.343211070374014160e-02
1.953994426748461410e+04,9.708255714419288251e-01,8.607065479381990070e-01
7.311045284332381925e+03,8.140017990271936066e-01,7.096815040896835292e-02
2.258797372415416248e+04,7.217101341800324921e-01,1.131110089616792491e+00
1.688154241432739218e+04,9.955844653072944972e-01,2.162389909645390518e-01
5.686384417731797839e+03,1.229767471455515127e-01,1.254626399711942897e+00
1.077690580725202017e+04,9.964497424400411418e-01,6.747426397211317983e-01
2.836543353873414890e+04,9.769306054947154427e-01,4.999099838920288419e-01
1.624995572512647414e+04,9.986398935789673192e-01,1.357444823790933564e+00
3.262332982468275532e+03,9.333809548915468213e-01,6.459143077062212690e-01
9.918659494728943173e+03,9.965535396434214155e-01,8.481088876007891741e-01
7.184334986850290989e+03,7.919235783438732801e-01,3.940166432929706475e-01
1.295160978871042789e+04,9.781253927366961864e-01,9.241514743741487958e-01
2.882117299403588186e+04,4.145688847184737513e-01,7.872451527614076072e-01
2.588606994437868707e+03,9.938400475343356355e-01,6.975244490819454413e-01
1.109726233445210528e+04,9.960492007827118632e-01,1.345502133350029883e+00
3.605599097294722469e+03,8.854238003582609595e-01,1.451744057425452983e+00
3.092932409581993124e+04,9.979852268581312913e-01,6.408282618879442838e-01
9.833797156088818156e+03,9.972069988366744075e-01,6.422511178491970840e-01
2.097333385622095375e+04,9.970519283505844266e-01,1.493457413291214619e+00
8.488822028685701298e+03,9.545158992354199068e-01,7.715736123578469385e-01
8.462226050876401132e+03,8.634099450043344337e-01,6.706802649059278032e-01
1.063292394293496727e+04,7.741447571357467083e-01,1.000304072485464379e+00
1.157856843061685140e+04,9.537203005313642512e-01,2.991978836043571732e-01
5.349096669191107139e+03,9.826051138281186592e-01,8.920592674891599794e-01
5.738683125255431150e+03,6.866155695964392125e-01,1.453786066642523078e+00
3.565912887427889018e+03,9.970931322457604606e-01,1.153847571822533835e+00
7.513660070890599854e+03,9.241503513720780161e-01,1.558341020270941568e+00
1.960872923215242918e+04,9.547268575563045978e-01,2.266614073513204264e-01
2.609641642076076096e+04,7.185730977458759661e-01,7.500211070807373259e-01
2.031768240338284522e+04,9.692668206994998759e-01,1.420559455373444913e-01
2.892983115633632224e+03,9.822099724149603306e-01,1.341503351489969464e+00
3.390991968101654038e+03,8.923425898888754926e-01,1.563885839420628088e+00
2.221893787308766332e+04,9.983753628899372234e-01,6.092899075593857239e-01
1.233131351067896867e+04,8.435990821819844276e-01,1.532200066697100738e+00
2.608743480310124141e+03,9.846634716982346491e-01,2.334566727879299197e-01
5.864977852063643695e+03,9.973050741063269609e-01,1.377993073763248866e+00
1.466144649577640121e+04,8.974408306255896584e-01,6.268486346679060794e-01
2.496200326024699461e+04,9.717355448960516284e-01,2.031878760392923089e-01
1.600589253103818010e+04,9.785423686805811982e-01,7.223141606450235175e-01
2.623136758059462863e+03,7.716904911905496656e-01,1.432209990713598557e+00
2.567539132922272984e+04,7.978240543385917150e-01,8.828107168773807745e-01
5.283199415365514142e+03,9.967551861906530641e-01,9.692258028061250252e-01
1.035721179160135034e+04,5.973428684658349530e-01,5.310982356286456096e-02
3.093441339261977191e+04,9.831881566148208407e-01,1.441676224827225683e+00
2.051107781023031930e+04,9.181645422938020662e-01,2.477373352152343056e-01
1.204766032635644115e+04,9.961792576618763162e-01,5.495447709004952497e-01
3.502364003210679130e+03,9.932330286958922505e-01,1.081341293762349665e+00
8.645326670671547618e+03,4.451413448131139594e-01,7.458373743434312808e-02
9.546964793094160996e+03,9.970167237338223298e-01,6.448965097412715508e-01
1.055546860645598645e+04,9.202392845475370065e-01,9.097728631913156727e-01
7.115996689255538513e+03,9.929782468671719542e-01,9.378317652913640279e-01
1.387716438064592694e+04,9.963112627316246250e-01,1.253855287928627327e+00
2.091410695837804087e+04,6.726189047302635338e-01,1.082893854136743439e+00
1.199247686323601192e+04,9.441442589991376755e-01,1.099884545370995337e+00
3.258224889284246274e+03,8.229044295680703058e-01,5.388501073734243939e-03
1.269292419418437930e+04,9.782797356511692133e-01,7.385429461427288622e-01
2.592267602892462037e+03,9.915995184479768909e-01,4.016231566175664236e-01
1.639781365576505414e+04,9.953728356900010121e-01,7.591677556191339660e-01
1.633607602529852011e+04,9.956614349990503543e-01,2.165912203633826860e-02
2.737360196624442324e+04,9.448357532702114092e-01,5.018952938642843309e-01
4.849689947961870530e+03,9.975741413545665681e-01,7.825613832381181911e-01
5.035361344268863832e+03,9.906097468845023180e-01,5.873083368636656809e-01
8.249589868474567993e+03,3.828629101969382997e-01,1.309151541620559578e-01
1.178978126542639438e+04,9.954915920874041202e-01,9.821595723261909994e-01
2.356743292828955964e+04,9.695970216898616156e-01,9.395912345641805885e-01
1.850084755410465004e+04,1.559850670377217474e-01,7.758127270874486392e-01
3.157788701605753886e+04,9.777737487161936025e-01,1.425637862190674676e+00
1.689897291734450846e+04,6.903347281309684114e-01,4.179030587372394856e-01
7.721223010310569407e+03,9.903880172773459334e-01,4.318958997237010711e-01
1.098377767769742968e+04,8.413923669321892174e-01,6.212353011569907713e-01
1.042961857556927316e+04,9.946267046939966106e-01,5.302636524577392096e-01
6.330161981704859500e+03,7.852349621423393433e-01,4.120276643964179697e-01
1.523733066612263428e+04,2.446316429818384819e-02,4.133615756280652476e-01
6.583069582781518875e+03,5.860811662779529252e-01,1.311811391224266821e+00
8.602943926083284168e+03,9.576058856655166318e-01,1.627911786995037968e-01
3.213773063829910825e+03,5.275261573025855633e-01,1.395997188889907648e+00
1.989393764175558317e+04,9.496821867959922558e-01,1.127028800199060488e+00
1.792193676012789365e+04,7.283615242288506986e-01,1.358330830302252989e+00
2.177199593960543280e+04,3.941961441474715055e-01,5.678677048114686432e-01
7.527472039528297501e+03,8.608663824957891730e-01,8.366987274890001769e-02
6.987570378291620727e+03,5.396619776967281901e-01,1.353564125429155718e+00
2.681417028250959447e+03,9.727234157187857333e-01,1.455151281064567037e+00
1.126386842008866006e+04,9.471470290036075879e-01,1.245337569843011805e+00
8.457487296045484982e+03,8.062372092782621458e-01,3.837301945486966126e-01
2.414648030406636462e+04,1.592092199037720146e-01,7.707812461226405398e-01
6.926783693061061967e+03,9.149852970832812460e-01,3.187536595645981130e-01
2.266398104116179820e+04,9.945211527600446022e-01,1.040030533328896611e+00
7.830762184537600660e+03,9.415947023290898166e-01,1.521756424426861987e+00
3.679339083057268908e+03,4.606473019681466274e-01,1.317865367259223541e+00
1.926282289456902072e+04,9.278154048928123343e-01,9.450012819285529275e-01
1.112673963951428050e+04,9.838359840613658536e-01,1.222358369584680693e+00
3.253934954743575145e+04,1.427512450440208136e-01,1.106676266013422394e+00
3.062757808812187250e+03,9.062028859487674115e-01,1.505512395544720716e+00
3.171930912056812303e+04,9.859899053318514905e-01,1.117572626859316909e+00
5.396312677982975401e+03,6.167711092409891016e-01,1.437047602693456660e+00
8.064009272700182919e+03,2.430304890483530045e-01,4.401864025545459413e-01
4.888069030608861794e+03,9.780223362185835878e-01,2.208104000883723550e-01
9.748663455787767816e+03,9.437658089409353135e-01,4.681187360190620650e-01
2.150077517150552740e+04,1.276859937855527871e-01,7.639879394656478029e-01
2.193880876494718905e+04,9.263637813923736308e-01,6.277790745640863257e-01
8.228437666014908245e+03,9.927770630658615536e-01,5.178481094681206542e-01
1.259155542903137029e+04,9.980751417109672285e-01,1.436408505188398133e+00
3.683384565922855927e+03,9.804377996803652628e-01,6.355816831367080422e-01
6.034145035996756633e+03,9.338577066016868766e-01,1.104724836574073887e-02
1.268429503927002588e+04,9.944390439001549176e-01,9.727524436365121430e-01
8.915339384247852649e+03,9.292151956824383774e-01,6.384074478859929069e-01
2.688662633401195762e+03,9.856921517332073446e-01,5.340760744437280660e-01
3.438538214529588004e+03,9.889340512401207928e-01,9.720239158944856683e-01
3.984561273014624476e+03,9.699104714072795952e-01,3.450107308450997556e-01
3.179496474441768441e+04,9.146581445924975018e-01,1.263553667240062239e+00
3.603539455004092360e+03,9.933168122309772308e-01,3.164819477372241563e-01
3.152512382242621698e+03,9.476521622873438355e-01,6.523583825683947346e-01
1.984830372934354818e+04,8.983847190495277690e-01,8.659627312487030437e-01
1.276215449132810681e+04,9.980250775902161919e-01,1.068547772986155220e+00
1.546989679396871179e+04,3.687303699439931082e-01,1.024608049515511432e+00
4.113490183876951050e+03,9.930205535086068513e-01,9.127669583622842753e-01
2.954827891517609169e+04,9.981574507686667985e-01,4.770373336071868087e-01
3.114885551202522765e+04,6.043918595596735610e-01,1.468475324122866521e+00
1.280894811983952241e+04,9.988925290809694824e-01,1.037028400986274912e+00
7.544663444060892289e+03,6.422840202433968138e-01,7.417469908882522445e-01
2.564105791062975186e+04,9.806103391303342409e-01,1.076640347978859769e+00
3.188301987660239320e+03,6.954281488301479186e-01,1.170102174202202194e+00
2.115888889742125320e+04,9.797939632096654972e-01,5.136884485664228173e-01
3.879984898080387666e+03,9.928909164570951518e-01,5.189524964121126072e-01
1.237113894754854664e+04,9.861226849538807793e-01,1.359418875025386830e+00
9.063435911154718269e+03,9.777589158478652287e-01,4.345410224204793170e-01
5.788144715934143278e+03,9.934120894032212323e-01,5.758503623074847644e-01
1.823181704130572325e+04,9.473420337232938415e-01,7.527457602258540437e-01
9.078850547274738346e+03,4.858993656902774738e-01,5.991746387406799990e-01
2.034997354092621390e+04,4.330281275073063485e-01,1.548508365126460840e+00
7.279478860697256096e+03,7.641914814060863925e-01,1.390695683787737780e+00
2.895424997411062577e+03,5.883719544148369174e-02,5.271840241391461124e-01
2.445168482240914091e+04,9.719968426040183074e-01,2.128536291640731881e-01
5.144224251170241587e+03,9.949045197435963939e-01,4.436178552686954601e-01
9.876186996749926038e+03,9.881184185781013429e-01,1.119718461720284219e+00
3.380730293309216449e+03,9.908499209683268028e-01,8.199258172104254561e-01
3.367874444638355271e+03,5.187954379777586222e-01,8.400227040989992622e-01
2.696059644088537971e+04,9.883170463978905307e-01,9.038768326521826602e-01
4.660707112791425061e+03,9.532341083968635109e-01,5.477658786068747565e-01
2.016358943972553243e+04,9.924915251411239314e-01,6.132705214792910642e-01
1.032834899269501693e+04,9.944173044197707201e-01,7.774823421182081029e-01
8.411624163858343309e+03,9.817437548747551812e-01,1.237572612794821891e+00
1.433354807593715486e+04,6.596022323777341878e-01,6.264327909978745224e-01
7.984879849640218708e+03,9.972310157240370510e-01,3.000784607921181402e-01
1.132271459721944666e+04,9.491619999212472791e-01,9.734862366533356681e-01
3.128017186886991840e+04,9.557541396924066346e-01,1.102827532669469868e+00
1.748809430835954117e+04,8.368660038640479693e-01,8.033299742127427701e-01
2.602844169746050466e+04,7.685569705789576656e-01,3.171558628024899185e-01
3.048474913973581806e+03,9.960932097340188252e-01,9.421763075598090786e-01
2.419485335801704059e+04,1.792313252377847332e-01,7.007489891413772876e-01
9.317369885594174775e+03,9.750245757673716707e-01,1.042668838699827294e-01
3.584530995792215435e+03,9.585525111381105745e-01,5.045748789791781874e-01
3.631962172860905412e+03,9.406788752576522583e-01,1.079816793459624336e+00
4.800157055558825959e+03,9.954743069918673415e-01,1.096433815053205585e+00
3.193831403035628227e+03,9.020091837385615374e-01,2.512869344147412587e-01
1.129379049758663677e+04,9.047112375224605207e-01,8.228009265720579446e-01
3.183631337850948330e+04,9.985776987640814228e-01,7.396470592541254385e-01
6.040256923378227839e+03,9.455701027791669766e-01,7.896382922370130952e-01
1.054331143639956099e+04,8.632223055540458878e-01,7.347893944262233745e-01
2.575157041939042392e+04,3.298892397761554740e-02,3.506702747474693127e-01
1.006719634452764330e+04,9.642934202364537022e-01,1.090901641832322078e+00
1.377545390062625665e+04,9.975644578973861254e-01,1.132251287916410387e+00
1.732001501920743613e+04,9.590911867832365711e-01,1.414977344631868084e+00
7.173537770686518343e+03,9.920243210730816941e-01,1.032175008364180524e+00
1.662326329729592180e+04,9.978071054127373163e-01,1.073379720945870641e+00
3.138381756082210359e+03,9.953565313287265903e-01,9.873035001366649022e-01
1.394775346203180197e+04,8.763859655919804537e-01,4.693404101063292089e-01
8.476790559763658166e+03,9.800138730027021516e-01,1.516100409432759921e+00
2.823926920327955668e+04,9.980649871973208409e-01,3.293840058161295881e-01
2.239519004597757157e+04,9.919273321679455968e-01,1.385090843468362642e+00
2.984181793789706353e+04,8.030753186495782625e-01,2.157891667134766989e-01
2.506563570056605022e+04,8.068499344651015592e-01,1.218102719520498312e+00
4.092202332680612926e+03,9.962841740917435240e-01,1.055357856747116019e+00
4.231830227135957102e+03,4.912964773100605420e-01,1.204477166735830718e+00
5.749838959763565072e+03,8.898094002145791048e-01,8.704514886495641202e-01
3.547138534006768623e+03,9.840710578191513846e-01,8.296319048746394476e-01
5.081392106417069044e+03,7.403907433276080141e-01,9.347228243250504942e-02
1.191583196875257636e+04,9.756778375096891720e-01,1.077871013341070050e+00
3.198504854639208497e+04,9.028338942746884088e-01,7.151568948266798786e-01
1.019778042353458477e+04,9.482083640422351856e-01,7.269049687181330377e-01
1.243853824406401327e+04,9.495520563824576543e-01,7.784770582151769869e-01
1.356442732979482753e+04,9.871694308313736510e-01,1.347198412564732106e-01
8.277733034103697719e+03,7.418034026752269305e-01,7.796084341953705144e-01
3.431608183792366617e+03,9.400197763482461832e-01,2.922205292048187797e-01
2.299334137530229054e+04,9.632310170759450507e-01,2.786317678297834388e-01
1.144226315972829434e+04,8.360610664035614814e-01,6.143124052785359224e-01
6.653101021020572261e+03,8.969579988275995230e-01,1.389627204820537365e+00
5.518420696480428887e+03,6.970689607942961441e-01,9.836000341839115091e-01
7.729583030541081826e+03,9.765445102332436234e-01,5.298075075573847048e-01
1.846411851830082014e+04,9.273652098021076817e-01,2.683481526276104145e-01
3.118345337886142715e+03,9.654752185116181051e-01,1.358164355036216020e-01
5.108341823841119549e+03,9.864055462808695163e-01,1.399030846108717085e+00
1.152732402365086637e+04,9.985476086284473807e-01,7.947387935030146844e-01
1.337447618160832826e+04,6.311264026058146515e-01,1.156881440498420677e+00
2.637950201848962024e+04,9.776671724868973845e-01,7.082907930091570936e-01
8.167295379339699139e+03,7.638740390046470097e-01,1.871765197069647502e-01
8.966406854172346357e+03,9.786978856568400165e-01,6.795361079175836760e-01
1.643026970038834042e+04,9.961567881336954589e-01,1.211210350442956551e+00
3.418989019003342037e+03,4.565161639689357953e-01,1.138091080538204070e+00
1.081666698679801448e+04,9.757906088919678922e-01,6.020143458900897304e-01
7.406994601970326585e+03,9.953106579530918152e-01,1.255913945372603813e+00
1.880440339825608680e+04,4.892003819158851075e-01,1.537809536998154536e-01
2.743760622675791183e+03,9.038295831961640214e-02,1.002246899022058546e+00
6.457874553929108515e+03,2.488555095835702780e-01,2.524635383361136798e-01
1.681038251213359035e+04,9.706352359276797515e-01,3.644569906923648128e-01
2.081158932419909979e+04,9.813130314755649231e-01,1.780249313006497802e-01
1.982700871730377548e+04,2.347315242788616807e-01,6.053188782953052849e-01
7.333930602898419238e+03,7.964159396365768639e-01,1.476866977243473267e+00
1.885954983236633780e+04,9.960148352348298095e-01,6.194637669570532967e-01
2.566380161756630514e+03,9.960616163513863475e-01,1.080311987921781069e+00
1.022209747042422532e+04,9.446528678315196936e-01,1.529284079781680461e+00
5.333182960362215454e+03,9.963729998734125459e-01,4.615402536200935435e-01
1.224053579474541402e+04,1.236378703857676786e-02,1.553797709400003946e+00
7.202734922073060261e+03,7.096803106669322680e-01,3.114515995770372053e-02
9.475602432517511261e+03,9.930987988956030410e-01,1.165243328052250504e+00
9.702739877167410668e+03,9.073763428511130158e-01,1.330554334352712920e-01
3.641716466746961487e+03,9.909271293824618576e-01,1.392970363910627674e+00
3.369063832597007149e+03,9.552362177727705683e-01,2.446570909956693463e-01
1.536701340846519088e+04,3.911175769764748678e-01,5.936097574097587426e-01
1.966630704962908203e+04,9.880458476146020130e-01,9.405559051427037076e-01
2.350529946921668670e+04,9.981644836094979434e-01,1.328339796463604117e+00
3.577778329806161310e+03,8.705433102887183416e-01,4.537232271808400164e-01
9.076486397760640102e+03,9.961843342926247624e-01,8.158477710258813520e-01
8.093771922644188635e+03,9.955716166507904141e-01,2.561801337469808426e-01
5.799868826769320549e+03,9.958828078153049157e-01,1.410677422832508521e+00
2.684040955224257050e+04,9.966902714030155819e-01,2.584180144816844438e-01
4.772948438140118924e+03,6.742673905101449483e-01,6.654063958026326109e-01
3.675015865285352447e+03,8.874358748144126618e-01,3.423777619932341088e-01
2.459724559430073350e+04,9.989404513397522889e-01,1.267811756523947508e+00
9.909895711363304144e+03,9.304950567679397544e-01,5.006705173665343400e-01
1.861538525779065094e+04,9.979670888892124836e-01,1.120998363349765548e+00
3.162185874847032392e+04,9.753609760922575811e-01,8.178324469361487881e-02
4.977235690738581070e+03,7.985490525846801191e-01,8.112473009102565413e-01
1.773079004010274002e+04,4.108569706653357745e-01,7.602821406518239788e-01
7.188134060684786164e+03,9.965770596684037086e-01,2.815874574539184438e-01
4.384094053466718833e+03,9.923612244933414095e-01,5.249749899539337683e-01
1.740137860849043864e+04,9.942400695392057397e-01,1.259122713876330790e+00
1.532539991068662312e+04,7.213834045462657052e-01,1.538618661319084424e+00
1.260786567726227440e+04,4.579516624748002362e-01,1.019112751126688199e+00
3.628005048677536706e+03,9.326931758268863781e-01,1.214779851218758866e+00
2.819771013661059987e+04,9.860149026454154697e-01,4.275612398255645985e-01
2.464438701219998620e+04,9.986181658156841889e-01,1.295619929329909770e+00
2.988747306892756387e+04,9.971221678621478013e-01,3.696332392475498163e-01
8.807665259959752802e+03,9.829831109564883818e-01,4.382310608809020236e-01
4.904989907625397791e+03,9.484483460654556941e-01,5.194267388815263509e-01
7.022154078379113344e+03,8.962065036812680852e-01,6.850901722537254823e-01
2.829537267463547323e+03,8.839805728004788143e-01,4.527765026561884065e-01
3.100267504353619188e+03,9.948670812463878965e-01,4.255316881277135255e-01
1.094535581928065767e+04,4.816192556627174604e-01,1.351634913397008475e+00
4.841719234738746309e+03,8.250720980757697554e-02,1.142839487732320691e+00
7.148041892059088241e+03,9.965116334144163979e-01,3.632890341766759623e-01
3.208485497322908122e+04,9.962849192585049307e-01,4.443025378476288950e-02
9.194355958485142764e+03,9.322227400791038843e-01,8.162854785418602876e-01
2.405068083387433217e+04,9.973857662862141149e-01,4.470175510540245756e-01
5.023999057432971313e+03,9.779792302856397113e-01,5.671138746610017156e-01
1.437375781020980867e+04,9.939984298360614590e-01,1.066621252903541706e+00
1.154996192719437931e+04,4.228094347917245033e-01,4.752232742147143862e-01
1.940439258210473781e+04,9.938907569411061793e-01,1.539511416706055014e-01
9.328694379708815177e+03,9.937172024745726251e-01,2.872569701456981206e-01
5.468637897698670713e+03,9.456470624213432208e-01,7.051881365160388437e-01
4.387699968585882743e+03,9.967036174168533158e-01,1.074634561619223216e+00
1.756954968515154906e+04,9.976527657336430321e-01,4.935672451253702575e-01
9.282312391482062594e+03,6.643454106537253212e-01,1.455662174178116608e+00
6.537991531692497119e+03,3.036398153560948554e-01,6.973457376858134549e-02
2.887479101118113249e+03,9.949918435066135158e-01,1.140839391191371455e+00
8.103298051338838377e+03,9.283807089098509158e-01,1.337609654471042075e+00
2.809808840314701956e+04,9.983303234601200726e-01,1.075429395543948230e+00
1.579435391013689878e+04,9.847641645972236013e-01,1.423646861406923980e+00
2.515009203974804041e+04,9.984270147403894180e-01,5.488060700658003999e-01
4.584769598673993642e+03,7.808790991272877013e-01,1.906711299934771633e-02
1.173024324283747956e+04,9.986444542719047357e-01,3.235065448430153312e-01
9.567448855968150383e+03,4.139643086298059327e-01,1.047698395526205584e+00
5.096171133222038407e+03,9.217563062499644078e-01,2.701818414960135417e-01
1.929339736409688703e+04,9.985689254096811185e-01,1.364803450296583121e+00
2.402335359547764165e+04,9.888578048049256886e-01,4.079081175231924483e-01
3.593244265046976125e+03,8.861503455387638173e-01,2.190697109605485304e-01
1.576716812332505833e+04,8.679744433030830431e-01,6.483162160566362520e-01
2.319176564711258834e+04,9.856037618791383403e-01,3.400197523526949372e-01
4.701872787594161309e+03,8.701031362695444971e-01,1.394769033508029388e+00
6.646050127924145272e+03,9.636844039624932190e-01,2.465138598775812595e-01
2.146386708998995528e+04,9.801264935736833106e-01,3.761432108738531344e-02
2.650866528340793138e+03,3.434255261027974182e-02,1.466701938146591777e+00
2.680359197430027507e+03,9.940169762726344116e-01,6.958456924787222997e-01
3.073389587841508273e+03,9.956950936708799382e-01,5.634528654401389502e-01
1.870915606467190446e+04,9.986965392849433965e-01,1.409070637372356272e+00
5.922066660901944488e+03,9.832422356318808454e-01,3.869791848226058484e-01
3.147308921072983503e+04,9.886472408237472198e-01,1.184002874810192285e+00
2.553281750222845949e+04,2.837325102511368824e-01,1.472070041305943322e+00
1.545387608539616303e+04,9.973949676480093895e-01,3.922750692019493779e-01
1.057412814027087370e+04,9.979538789172751612e-01,4.673245810797986288e-01
6.479093204988277648e+03,6.686702597767186784e-01,3.761144001420960170e-01
3.240740162031418367e+04,7.818586830968874413e-01,7.804984796979487216e-01
2.715666139358510918e+04,9.986484959705258513e-01,3.665504143709641394e-01
3.131767893213337447e+04,7.868607124135211794e-01,1.477510229601081138e+00
1.556527948142818059e+04,9.986856593468143029e-01,1.093945182609159072e+00
1.936662903776329767e+04,9.762855316377556658e-01,6.728216525775680967e-01
2.649253345668228121e+03,9.899986079616289736e-01,9.977146680595093686e-01
5.957230576678505713e+03,9.893862839127192110e-01,1.295922649008898420e+00
8.110896209075071056e+03,6.910008733065583497e-01,8.811079546048676825e-01
7.058696123429062936e+03,8.119699581988579773e-01,3.753585480941872832e-01
5.153256517317110593e+03,3.160720611595999596e-01,6.367447967717788648e-01
2.656884574141540270e+03,7.729887665304211453e-01,9.114659112435362642e-01
4.414934200962122304e+03,9.917909191064779861e-01,7.269504298689133392e-02
1.234072782984932383e+04,9.816539109122142115e-01,1.111006974586577156e+00
2.638950518699173699e+03,9.950724332214749834e-01,2.732101303381780366e-01
1.076485096877662909e+04,9.384415051070205127e-01,1.309674957161422792e+00
6.795893971709122525e+03,6.563470062152778617e-01,4.670710178783107902e-01
1.724837262618585373e+04,9.964002871041074405e-01,9.145746355565846919e-01
3.153017934352709563e+04,1.719767666803191375e-01,1.808034527729972529e-01
3.119877343480174022e+04,9.745750711173123415e-01,5.902574181823387889e-01
4.991422359197435981e+03,9.422167283720321862e-01,1.175746670489053347e+00
1.391678826859486253e+04,5.708360268628764889e-01,7.235997400065273810e-01
2.975901405829026316e+03,9.687414895634016698e-01,6.326369201141088805e-01
2.014596846850408838e+04,9.988286541329796098e-01,1.533710047087568196e+00
1.170357953563061346e+04,9.988104158861400572e-01,8.280717002134128091e-01
4.535698225533762525e+03,3.705256240893305408e-01,1.988052005457977833e-01
5.694453912992320511e+03,9.849146766705924039e-01,1.242964259809214100e+00
1.193161475549968964e+04,7.794477437958425847e-01,9.215638849078042760e-01
1.274268702710673642e+04,8.597062021398917953e-01,1.542382135592132775e+00
4.883164806592752029e+03,9.899153246820237007e-01,2.112585626886645251e-01
1.733078485738363088e+04,7.333833175872803700e-01,6.254327146355237455e-01
5.913264482455725556e+03,9.945686133613458324e-01,1.460637346324578090e+00
2.792630869313430594e+03,9.522705162248777944e-01,1.170237107353400002e-01
1.430806449928942129e+04,9.956507678439643350e-01,4.516331493333048397e-01
1.140368209685235706e+04,9.985096439180553007e-01,7.378614160995270455e-01
1.814719692724248307e+04,9.683318812387452512e-01,5.848614455282162838e-01
7.152920381289349280e+03,9.476300167145448317e-01,7.584259787813780740e-01
1.514375021208078579e+04,9.602828451845178970e-01,5.056308492032620672e-01
1.398710544922062400e+04,8.696652524242043381e-02,7.567018972787727948e-01
1.603321088369143581e+04,8.247249413223487480e-01,1.465565795185570064e+00
9.890034063074732330e+03,1.369090458912541886e-01,4.632413992962392535e-01
2.398738789701455244e+04,8.127905670523081216e-01,1.247762047889219295e+00
1.380910415387580179e+04,9.876856162539979778e-01,1.236245860219097770e+00
4.161473539890456777e+03,9.851337701216841269e-01,3.243001532229271566e-01
4.331018131854244530e+03,8.933010076182444914e-01,1.154979946273555713e+00
8.780256498026063127e+03,2.991296584473550624e-01,8.278281585479899118e-02
7.769090791609532971e+03,8.990596464189416492e-01,2.192641030196801899e-01
3.899499254486537666e+03,9.914607104585276831e-01,1.006263417451066067e+00
1.227044914227085610e+04,9.086931367291510853e-01,1.281110569648151731e+00
4.154869599101054519e+03,9.516356225496673815e-01,3.971864318813235206e-01
8.707323987368710732e+03,9.831052387169576523e-01,3.486862151174827673e-01
3.941136879627199505e+03,6.763758327272626492e-01,8.587821798742312218e-01
2.499305398214504385e+04,9.974926315862039372e-01,4.560082225504560882e-02
1.803849643596271198e+04,9.987085074546356855e-01,1.262130207660034698e+00
2.715767600429350296e+03,8.238392823792501929e-01,3.613196440581916136e-01
6.429973460533745310e+03,9.691995513982301080e-01,4.238227679772800238e-01
2.655909629814875734e+04,5.604609590384461715e-01,1.497758854198957712e+00
2.711619450225548007e+03,9.959402145736314660e-01,6.391076247733925575e-01
2.026727831471108584e+04,9.210999974541443924e-01,1.552849691887192352e+00
1.568638989144425614e+04,6.584973679033523375e-02,1.116043391521358785e+00
3.161206153517252460e+03,8.018213976045551750e-01,8.074132813713479351e-01
2.724142106803639763e+03,9.889183277070711098e-01,9.136683320920525875e-02
2.139399371984420577e+04,8.833141010650135128e-01,4.539737808530261431e-01
1.718450608571315752e+04,9.989537450058454393e-01,6.901999303416646303e-02
1.818100295692638247e+04,9.809194216251853060e-01,1.085805246052711226e+00
8.814179496594890225e+03,6.148504232549691917e-01,1.013065630232576675e+00
2.700459961395682512e+03,9.724625219743179283e-01,1.315956521001683033e+00
2.533095248687189724e+03,8.457256597773491480e-01,5.968334049746782943e-01
1.895990284200098176e+04,9.787774713959085382e-01,9.891822471821181129e-01
7.354267382817023645e+03,9.712567767779237693e-01,1.517235637928064262e+00
2.283386898508184822e+04,9.940858903575672256e-01,8.681078471543719477e-01
2.042079116794679067e+04,9.988874906327593894e-01,1.298652614175913822e+00
1.754153960255067796e+04,8.275903844109530061e-01,5.278671417396704202e-01
2.966543614862315735e+03,6.979583072546876599e-01,8.754053722883258226e-01
9.773428260216915078e+03,9.978698476144912677e-01,1.250172237515441154e+00
7.358040217960616246e+03,8.951750186692728484e-01,1.133686674306858544e+00
7.161348637379500360e+03,9.929131260673103032e-01,4.586812267317210146e-01
2.107484328182066383e+04,9.987116180981231439e-01,3.272261439846860243e-01
2.754730378593113710e+04,9.952617961693498438e-01,1.239789818786996678e+00
1.322800151595235911e+04,9.757020819689596891e-01,8.967934661004065555e-01
6.510221016276762384e+03,2.536490303170564342e-01,1.050371401898348767e+00
1.105638886715095578e+04,9.823196241689511332e-01,1.547191085205997130e+00
4.148212954346481638e+03,9.775716917619027280e-01,6.783944640304682139e-01
1.509407745263866491e+04,9.858285622943820936e-01,1.552004098842213686e+00
2.029112715740736166e+04,9.676828543634439228e-01,3.654938578158536955e-01
1.026437435490685311e+04,3.888056095472280926e-01,3.226602423707579104e-01
1.658436132853200616e+04,9.197859256239316883e-01,4.582261789279856168e-01
4.309276343524682488e+03,9.741169435525206532e-01,1.469677779501408210e+00
3.051838345456715615e+04,9.682616602154284768e-01,6.285053633351501690e-01
3.598055062956077109e+03,9.434070274626080721e-01,8.647120155210732406e-01
2.953635619844474058e+04,8.376355998682001314e-01,1.481335959683708126e+00
1.120184392765957637e+04,4.716994790523815206e-01,1.546023468509398313e+00
1.813718072163723991e+04,9.896966228570250879e-01,1.401864577385571464e-01
2.787171893491789524e+04,9.981805289403811177e-01,1.092133259865996298e+00
7.255543598383084827e+03,9.853048431975657273e-01,1.523815317401552294e+00
9.011603283192593153e+03,9.751142485605366339e-01,1.336309372733149203e+00
7.862561466530676626e+03,9.983214233827549799e-01,9.201479497264668517e-01
8.630950713637679655e+03,8.453288823787681316e-01,1.408830677919129803e-01
8.777004919277309455e+03,9.850318446834948061e-01,1.667263618923358615e-01
3.944759345073385248e+03,9.249186970787123263e-01,1.212633997960335525e-01
1.785377465478530212e+04,8.002658748338224992e-01,6.889435930570481093e-01
3.741210413950685506e+03,9.970623958905612261e-01,3.948936618206353999e-01
7.436903713148452880e+03,9.579814006019655714e-01,2.066504688718692195e-01
1.008409245148382615e+04,9.975284173351215422e-01,1.192634574579507056e+00
1.946592397334220732e+04,9.367526612205001602e-01,7.169396696353561582e-01
1.137323806522630002e+04,9.987326780487871813e-01,1.374021687140552395e+00
3.113892836524045833e+03,9.605192540345037777e-01,1.359977349233810195e-01
6.655607192070121528e+03,9.888329016764016988e-01,1.443324439994781772e+00
5.360210027879757035e+03,9.513766638392487929e-01,9.500830589845542518e-01
2.066649555992357273e+04,9.369631359254040337e-01,1.252302565211495633e+00
2.585594110435691982e+04,1.476655769100015947e-01,1.197899376096029922e+00
6.595975890197141780e+03,9.095112796325151017e-01,1.512004419648641296e+00
4.047418671273093423e+03,5.158564936661573785e-01,2.756374702163548185e-01
1.312363769440252690e+04,8.313446493487041122e-01,3.054375569609050212e-01
9.760767512002481453e+03,9.891317875389412650e-01,1.129941871504257955e+00
1.057073815731639479e+04,3.265795543055594052e-01,1.445447664895223250e+00
5.113936189445435048e+03,8.592726946239548358e-01,1.104704965821330931e-01
6.942288615876273070e+03,4.677232647132297805e-01,1.274684812749453000e+00
2.281875895219764789e+04,9.427126152261177117e-01,1.174811501845330231e+00
6.706145557923868182e+03,9.974802899016996793e-01,1.152261551745197843e-01
4.298315053268956035e+03,9.574216012584658708e-01,9.484478385711082871e-02
2.408576719705968571e+04,9.979279055395678943e-01,1.713639888762102104e-01
1.787386163771091742e+04,6.944355011569572911e-01,8.003310329270373336e-01
1.202156768955715779e+04,9.177616589031610816e-01,7.365446875664692916e-01
9.388781771094783835e+03,9.931519415787489757e-01,3.324038949882312521e-01
3.949714237663448330e+03,5.884646665519325248e-01,4.183889809883972744e-02
2.310923961090928424e+04,9.930655930012709520e-01,6.432528523321239255e-01
2.890645134215792496e+03,8.197411161654085676e-01,6.148288678175019284e-02
2.809379342482081938e+03,9.922616412275776510e-01,6.238896219684207933e-01
1.217262264342813251e+04,9.978879167986143273e-01,8.057251570940602292e-01
3.144942476806799277e+03,5.536499314968643670e-01,2.001551185811847600e-01
1.000373201694107593e+04,9.401344500302736273e-01,8.596837002955330653e-02
1.047372759016220334e+04,5.330042897195774732e-01,3.999251768418152220e-01
1.861438167393293406e+04,9.786504777616706896e-01,4.029144310687202135e-01
3.226019774011095706e+03,8.853146115662540172e-01,6.246751084123741693e-01
3.063551390929747504e+04,5.993894409547124713e-01,1.281798790128093168e+00
3.544843474999425780e+03,9.905701743368862111e-01,4.891541206522940777e-01
1.419009655140059294e+04,9.118679291086083660e-01,8.547052372444229329e-01
6.057473693493406245e+03,9.959272774991267951e-01,1.549642592527044727e+00
1.506412708455390384e+04,9.873367971702837753e-01,8.380292172904231229e-01
8.174383680469516548e+03,9.985163657332883913e-01,2.416084543722666900e-01
8.719672182325402900e+03,8.050009684213098593e-01,7.145780817845397426e-01
6.595298631333684170e+03,9.599973135824555470e-01,1.126158272814185457e+00
2.561741741529122919e+03,8.542767225482853499e-01,7.837631714836945651e-01
1.050459679181219690e+04,9.917655881341481683e-01,1.555058074136980384e+00
3.909746545550405699e+03,9.848187301672733929e-01,1.088636452010602662e+00
6.443913051623032516e+03,5.593579916165877242e-01,6.409443574787506703e-01
8.310731862021315465e+03,9.892026528438579991e-01,9.298986674704870503e-02
5.449976265507049902e+03,7.841361038965420915e-01,2.569410648626384575e-01
3.000674356878214894e+03,9.874898438422233804e-01,7.274040338345245660e-01
5.922185708041632097e+03,8.977206698843596122e-01,9.601459670730185803e-01
1.913213880554243224e+04,9.982768704914913860e-01,8.913734789646843293e-01
2.955783120382783181e+03,9.656622384192889985e-01,7.448686555542060050e-01
3.122870977379576652e+04,8.558871657236201136e-01,1.896733185888527795e-01
6.965775810189194090e+03,9.666285105871773586e-01,4.393459975411275753e-01
2.738507120721511092e+04,9.965354471276685056e-01,3.931552111629615931e-01
3.032600405348995082e+03,9.922242191473974460e-01,5.227257975468845297e-01
1.095885486998645865e+04,3.666492756197927694e-01,1.613129045625216473e-01
3.022167464253605885e+03,9.661595444776693853e-01,1.447777404281953784e+00
2.353453587775815322e+04,9.904097586125110153e-01,1.562172457707402762e+00
3.843322345664477325e+03,9.595940088875418716e-01,8.665593431762356191e-01
8.013689272011903995e+03,9.950562152344384348e-01,1.028941982328925864e+00
1.541763141617627480e+04,7.573929616152539346e-01,3.569136971502003264e-01
5.518912903942577941e+03,9.959617187599247856e-01,1.190791242405999650e+00
1.635632907782894290e+04,9.257659710394844366e-01,4.840336110108623968e-01
4.336956248652882095e+03,9.914457573520776279e-01,1.041083508363105148e+00
2.966505086834984468e+04,9.974194911718414769e-01,8.817017336191557142e-01
2.127277962263524387e+04,9.986331791922559153e-01,2.653048482477358139e-01
7.041950807786512087e+03,9.902896003031983474e-01,1.867186123430247813e-01
9.405805382688642567e+03,9.975279511860294379e-01,1.500695008575744227e+00
2.639981963051692946e+04,7.536955103086363517e-01,9.821637482002905373e-02
2.769162589416825085e+03,9.301339337289861176e-01,9.779501450866328049e-01
3.090273981600279967e+03,8.295036805522647549e-01,6.899240002670050664e-01
1.653241031634826504e+04,3.569701645570476645e-01,1.483226849002562187e+00
3.468147351965822054e+03,9.113887191787153341e-01,9.938726038646290561e-01
2.145441597901698333e+04,9.939324053035391016e-01,1.315426859147514005e+00
1.083293925933296669e+04,8.571040594924163036e-01,1.540822468202113438e+00
7.969527934564018324e+03,9.849851542845776686e-01,5.110789596402545015e-02
1.091979578786795537e+04,7.998768285526953736e-01,4.832173086252394834e-01
3.447745451367575242e+03,8.428893543782709497e-01,4.173879277093578977e-01
1.497762645001390047e+04,2.848201194832020722e-01,1.300159541729208446e+00
6.859758866845229932e+03,9.798967917774826786e-01,1.508201926868582454e+00
1.649787013145529636e+04,4.792563480708821322e-01,6.805527330788239126e-01
2.669606725771493984e+03,9.511938426628505638e-01,4.791286832505036730e-01
6.511733721304326536e+03,9.956193186354792557e-01,1.172793580954091475e+00
2.361165994325778229e+04,8.738879849742049455e-01,1.177748557366459892e+00
6.771815442471875940e+03,9.592609828675556782e-01,1.116266258559811320e+00
6.094826968692707851e+03,4.825099827884815618e-03,1.005019709064177702e+00
3.336734046974335797e+03,8.522758336069184981e-01,9.547918457658339797e-01
7.224619117082263983e+03,8.564158048965664349e-01,1.113017935474727382e+00
2.293265347281164941e+04,8.478851726195494320e-01,3.378723798808631607e-01
1.423937533399199856e+04,9.364758390620553374e-01,5.817326903640625962e-02
2.599377890617255980e+04,6.783204203503578889e-01,5.213260469165970079e-01
1.309385561545042219e+04,9.966061336212711508e-01,3.575692170261796643e-01
6.105154975364759594e+03,9.230485193638329200e-01,6.226727136764143022e-01
5.049021154656379622e+03,9.876812338369397315e-01,7.802938994374833404e-02
7.618752976523125653e+03,5.798279870301596972e-01,1.422950865996510661e+00
7.103655268038291979e+03,9.976202356134633575e-01,1.467467276596105430e+00
1.519990577959734765e+04,9.964470148289019669e-01,1.115113638185638800e+00
6.123237386315980075e+03,7.690360832742706432e-01,9.705352356422788374e-01
1.673568780016122037e+04,9.606313775934700594e-01,7.741121102702765988e-01
7.136157613281587146e+03,4.420220392978846391e-01,9.537094218666698486e-01
2.799751011852193187e+04,9.973117431211604433e-01,1.323071142837289882e+00
2.294309329957843511e+04,7.177448180499313990e-01,2.888799169943631617e-01
4.431686717706254058e+03,9.209594684729244252e-01,1.395255897713554516e+00
1.675714352075332863e+04,9.611243500307973253e-01,1.027672250715370161e+00
2.315807897041369506e+04,7.095959093220303160e-01,1.498622117396517517e+00
5.870434850330475456e+03,8.583663649097720283e-01,1.167141740604092925e+00
1.868207585851992917e+04,9.982568561637792381e-01,7.290544190827820126e-01
3.423047040454078342e+03,9.940477546281641930e-01,3.264910118863248445e-02
2.532801445222241819e+04,9.672854889219441032e-01,5.937977478568093881e-01
8.937141172726616787e+03,9.540089964859485017e-01,2.971039021600487273e-01
2.244348427623739553e+04,9.350881443379435165e-01,1.186493114953807604e+00
2.087909371805051342e+04,9.526207624250120354e-01,1.372523737095654728e-01
1.667269082456763863e+04,7.309681980283717628e-01,8.242847047464620935e-01
2.278292687517900049e+04,9.986552062985130096e-01,8.129158620514544964e-01
3.125890522093829077e+03,3.761851094936772277e-01,4.760335667419730021e-01
6.470961190169135989e+03,9.882540316859081964e-01,1.297206002632257160e+00
1.117523047357853284e+04,9.312448155449140064e-01,4.908451572617668068e-01
1.339904866499513810e+04,9.971035881301021364e-01,1.200362340726752075e+00
3.218142784974199458e+04,9.835373173085660836e-01,1.332459434219926964e+00
3.805961477217468200e+03,9.968209061633285240e-01,1.177340915075269917e-01
2.338118495693721707e+04,9.373515454755991794e-01,8.357267551945933848e-01
1.838829976006711877e+04,9.731589319777632641e-01,1.241121681906320884e+00
2.084832520989214390e+04,9.281537658913476818e-01,4.206362391965839942e-01
5.893875531044112904e+03,1.825852515368864282e-02,3.768460356457625782e-01
3.353291642264524853e+03,9.752236704790054889e-01,1.415434562355604831e+00
1.408393181132771315e+04,1.784264785532789777e-01,4.782220334014671004e-02
6.842619342626127946e+03,9.647099219710919549e-01,3.511920252270103182e-01
3.223435164651509695e+03,9.924515303404899402e-01,1.542544583613169262e+00
2.547797308490646174e+03,9.551752587880131262e-01,6.123290243287575763e-01
4.680113507780554755e+03,9.924087452783877383e-01,6.876867064299702070e-01
1.146257478704842651e+04,3.064368800836699824e-01,3.904278216013964409e-01
2.303909500529750221e+04,9.977564148104217656e-01,2.101621701414142507e-01
1.255985908292593376e+04,9.000121089354059523e-01,4.874522964807781467e-01
7.280356439911995949e+03,3.623576926835888612e-01,1.307038761586892139e+00
2.784178926754964414e+04,9.815957303738810369e-01,1.756334511192888803e-01
1.311512272857507742e+04,9.466341430457383410e-01,1.804273492209317320e-01
2.869687594705637457e+04,4.316790248083879344e-01,1.375593842402259570e+00
3.058797015803443355e+04,9.260328669460150541e-01,1.020199271749346437e+00
2.580858522323913348e+04,8.688362704209131593e-01,1.484311379943969778e+00
2.374791864456894109e+04,9.649584275177397474e-01,8.304414479553642314e-01
2.581049040105089261e+03,9.588298789473401751e-01,4.057383465944440215e-01
3.454342539386139833e+03,9.773677778890147438e-01,9.366566171724894918e-01
2.867020110485286932e+04,9.957673718508346372e-01,1.563454248796753987e+00
8.672768079887227941e+03,7.448206136178651127e-01,3.088604419360359565e-01
2.730658800349768626e+03,9.727745197620757400e-01,5.722224481710065369e-01
2.184197938185921885e+04,7.910526701438447272e-01,1.244221076884642452e+00
2.627274653640784163e+04,9.883602458742484220e-01,1.083227985566614038e+00
4.030951648039476822e+03,4.217202632185537148e-01,7.307395962203790951e-01
3.613535016069815811e+03,1.864642531461913055e-01,1.349312883373852356e+00
2.532144305400661688e+04,9.125679096036506399e-01,3.844487657672502473e-02
2.804250203886061354e+04,9.736711777429934989e-01,6.973444992508206486e-01
5.088754492983442105e+03,8.790172616156181062e-01,1.561322278093163263e+00
2.675320530642027734e+04,9.969728054014131979e-01,7.443606558384436855e-01
2.167963158775008924e+04,9.307633812276092655e-01,9.325120371746168368e-01
1.875598490166327974e+04,9.987354677538649028e-01,2.280127559744151156e-01
1.130334010526043676e+04,8.888966316623474473e-01,5.063296950706840382e-01
1.102465459498838572e+04,8.300160704399278666e-01,7.281264707085661758e-01
9.958037795890593770e+03,3.491715540184946454e-01,1.548995910349830529e+00
1.287608053882744207e+04,9.983454807322393876e-01,1.151931090618710130e+00
5.208412367593226918e+03,6.328852636715791569e-01,7.003185909515731167e-01
1.218383443947331034e+04,9.784620436335302873e-01,8.563293318962004186e-01
7.942732895834817100e+03,9.558480271210915147e-01,1.055957322159619904e+00
1.161263949250394944e+04,5.582299330088285050e-01,1.235468884219183883e+00
3.929495306865835119e+03,9.243275095944878395e-01,6.628499403847333271e-01
2.761141492329794801e+03,9.914129079168899628e-01,1.456453348534032743e+00
1.292261665811408420e+04,9.989742532570805578e-01,5.922770742254084286e-01
3.445830672267581576e+03,9.115371758320015561e-01,7.954811054060529907e-01
3.034094226689845163e+04,7.295337290573935540e-01,8.068885360996322920e-01
1.162882817989725299e+04,9.969048366933463967e-01,1.313368286161703979e+00
2.472501533444680172e+04,9.962023254008998130e-01,1.324485458093623003e-01
7.816158404542259632e+03,4.615915183295572488e-01,9.809385545995928934e-01
6.392879217352901833e+03,9.397948341069169986e-01,3.317222363030041810e-01
2.501702440051734447e+04,9.977374399761236301e-01,8.524492351638781606e-01
5.288274009033996663e+03,9.909628262994196746e-01,1.294936273372772950e+00
6.988917749298369927e+03,1.097080202698897944e-01,1.035425006265731307e+00
2.759689529560769006e+04,9.903157903215974445e-01,6.761389982959059575e-01
5.506598792598874752e+03,9.958234093197938508e-01,7.692472081207345491e-01
2.583019307143258175e+03,3.331582196376553506e-01,7.895098181386790703e-03
1.215914073285424638e+04,8.225048766368344699e-01,5.039052714732610294e-01
1.175606091457079674e+04,2.994344498909491392e-01,7.515963599130187633e-01
1.314126293325977531e+04,9.930567803627106116e-01,1.740324985832687188e-01
1.914869232133309924e+04,3.617209338244800065e-01,5.663024735082033967e-01
1.721074027035432300e+04,9.052369769109331887e-01,1.262431235766404480e+00
1.645800116625711235e+04,7.001047028979896503e-01,1.119222157816253671e-01
1.843904160697788757e+04,9.771100465995644635e-01,2.123006669269239810e-01
4.214363003728853982e+03,8.494344331429104500e-01,1.680117293945795551e-02
1.024175839988711778e+04,9.986282744107914944e-01,1.480247152174904435e-01
1.332228193194647974e+04,9.793231374802545686e-01,1.453382133352488559e+00
1.150818472203121746e+04,9.852472931198342776e-01,8.510028550861592489e-01
2.789502893960653091e+04,9.880079033996546078e-01,3.622789610576871988e-01
1.258363849251760257e+04,9.811574970946799201e-01,3.403975086233275160e-01
1.388436819208513953e+04,3.875271245486445748e-01,1.844733262350901071e-01
8.322758200075415516e+03,6.484080316594980076e-01,3.647006828963727382e-02
5.290712645281461846e+03,2.264198689491975225e-01,8.612377305058011023e-01
2.449636684255288856e+04,8.309695102169781800e-01,1.302278531421121599e+00
2.592120676736858877e+04,9.981863214175574761e-01,1.479225552573521840e+00
9.001219444228216162e+03,9.822696030844997317e-01,2.940471802858363737e-01
3.211455202355595611e+04,9.981347035360115250e-01,1.788619045894574433e-01
8.989093948597717826e+03,5.823827623734114667e-01,1.062364882227615714e+00
2.039406329964556789e+04,9.363254572184849245e-01,4.464179949217886856e-01
1.374077951084169035e+04,7.019677547491477432e-01,3.581484765833508055e-01
3.487230429095408908e+03,6.502227451774333922e-01,5.111367224368582596e-01
9.099502916658646427e+03,9.987292791034472206e-01,1.049298691035238207e+00
1.729832132915297916e+04,9.823617359018451678e-01,1.109198493130509222e+00
2.142365452786870082e+04,9.925424008415365540e-01,8.901627910263907317e-01
2.693734561305121133e+03,8.947994740899871680e-01,1.231842392141387243e+00
1.876935446890441381e+04,8.670689586449999986e-01,1.232546937646313623e+00
2.815682783650725105e+04,4.765045250743689120e-01,3.563664561573846035e-01
2.814652574471735534e+03,9.959014692435494975e-01,6.817939161077939403e-01
7.075341791270517206e+03,9.138184768722188434e-01,5.265262972345822190e-01
1.905896302812335125e+04,9.791469739401408301e-01,1.031665222086650902e+00
5.557631908855643815e+03,5.220697311972317678e-01,1.502695845847497935e+00
3.235074377534647738e+03,9.937203416674441625e-01,4.248029251811255569e-01
2.685215043831753064e+03,7.342703961474075225e-01,1.051210092547552183e-01
7.113587194675224055e+03,9.919089746667533181e-01,2.346908363507690110e-01
7.804208102811051504e+03,7.256211148395941279e-01,1.038538366692123960e+00
1.655923379715057308e+04,8.712548675548792421e-01,1.209601840773707249e+00
3.292441383825255798e+03,9.836941703481439925e-01,1.256991112002556310e+00
2.906012536942740098e+03,4.368020050467663618e-01,3.996637829475508941e-01
1.402085178918233578e+04,9.954395174258161560e-01,3.337411524466091794e-01
3.514669232182547148e+03,9.386767215043509971e-01,6.558465358130607381e-01
2.286864095318012915e+04,5.193208456668663153e-02,4.152705486434631332e-01
2.997435885624519869e+04,6.620902659302947413e-01,1.182351521050158283e+00
4.627481520740808264e+03,9.942147777199876746e-01,1.414285611085433825e+00
8.899869355259690565e+03,9.834494900765474723e-01,5.996291455845542684e-01
7.397211795513308971e+03,8.264556445743612700e-01,8.183839800051468938e-01
1.372340208093856563e+04,9.088372949988851035e-01,5.498932733742696310e-01
4.452851974568288824e+03,9.925678813147928992e-01,1.052072114404561720e+00
8.554793958762635157e+03,5.870073047013836254e-01,8.980240958363521209e-01
1.213825147279064367e+04,9.563898808349271530e-01,6.867719186480638616e-01
2.590168023795529734e+04,9.975613508795743156e-01,6.928956258666384427e-01
4.083263758501144821e+03,7.003955417859397681e-02,5.783126952171134816e-01
1.078888159437218565e+04,9.638044620078367597e-01,5.912558850361125939e-01
1.992182507869002075e+04,9.407309370703365037e-01,5.698645093641165754e-02
1.342988228381101544e+04,9.804090637247296902e-01,1.283083881240999702e+00
1.135165171384880705e+04,9.842768749956282148e-01,1.213823995880928930e+00
8.725743280758410037e+03,9.896500173860732774e-01,9.168404149695248417e-01
3.773060224563439078e+03,8.750087566121844684e-01,5.728071465482827973e-01
2.559816540284272924e+04,9.945515025347571036e-01,3.536765640331455685e-01
4.925851856246238640e+03,9.957985478851191230e-01,1.457585626650451660e-01
1.020548184538362148e+04,9.887372723797678287e-01,1.258887199314161487e+00
2.104069294552448628e+04,9.980372905634552483e-01,7.777066645994079597e-01
3.028511253133173159e+04,9.435992527684211595e-01,7.883594376958449335e-01
3.187687216621386688e+04,9.957908147506837615e-01,1.148505994951848352e+00
1.210070176877470840e+04,8.901403310821059955e-01,2.950354328515739435e-02
5.173757483824351766e+03,9.958603269025793070e-01,3.723280745686372017e-01
1.747743096826084002e+04,7.765146867676120390e-01,1.494940764940937861e+00
4.248852202100020804e+03,9.772127694768220074e-01,1.160362118700646539e+00
1.980117037081095987e+04,9.770550330009937223e-01,1.123622378540386268e+00
4.995523459827171791e+03,9.956084369029619685e-01,1.271090417736230993e+00
1.484279635002623036e+04,8.178042378199176232e-01,2.049828987622315940e-02
2.943964742536494305e+04,9.933129277583540029e-01,5.013859644973474028e-01
1.917824677218896613e+04,1.888248600930709786e-01,4.789502699411506415e-01
6.172664065877898793e+03,4.480145257125819347e-01,1.135040209440920655e+00
1.040588043610717614e+04,7.263295838318435393e-01,1.448589316713812414e+00
2.659762389196604636e+04,9.983131273796426175e-01,7.028900169811636012e-01
3.852800880025599326e+03,2.884593793270578965e-01,2.439893564764802347e-01
3.529932938156100590e+03,9.944135224338702672e-01,1.432897481050762478e-01
2.940182166997023887e+04,6.305692392978190508e-02,1.956904942644316636e-01
1.326003510667282899e+04,6.494063520382142851e-01,5.028381840580804785e-02
6.363073875207597666e+03,9.798201453785934101e-01,3.475054013884460447e-01
2.734013625407435029e+03,9.480546484892429238e-01,3.893084681835768390e-01
4.259529878749960517e+03,9.068282116693036077e-01,1.024171999501296698e-01
2.137394672254365651e+04,9.836485387573219441e-01,1.480857064964252734e+00
8.336525984154901380e+03,7.453589543318565047e-01,3.031891695099427908e-01
7.712332568239842658e+03,9.960403500974438495e-01,9.573965094384226937e-01
4.348325877011901866e+03,9.963801294425743693e-01,1.245639881739227656e-01
8.686272305843998765e+03,9.873971248366744113e-01,2.950880677690040921e-01
8.399315447113034679e+03,9.649116418193005584e-01,1.484430308871290238e+00
4.043449242527829483e+03,9.662642187012607797e-01,9.563662179933568597e-01
2.198249987914985832e+04,9.988965898229432705e-01,1.339952970780349473e+00
5.240106330200503180e+03,2.737660635990544211e-01,4.985650512133399381e-01
2.766665036983252139e+04,9.973516175810731577e-01,1.120143160612524502e+00
2.860590084415396632e+03,9.947020730282543077e-01,1.011045249598578000e+00
1.125436055787804253e+04,8.013194822567851761e-01,1.419445998002370590e+00
1.158583573147979951e+04,9.904882759265803971e-01,1.067443756748820194e+00
5.856510508479016607e+03,9.980078315653340137e-01,6.303455674839260059e-01
1.963897202031664347e+04,9.973469009430031562e-01,1.465100854496135696e+00
2.806033154793638460e+03,9.953966893140889782e-01,1.443708548717319573e+00
3.078799315338658289e+03,8.771771489116760856e-01,1.492599334851989257e+00
1.417383583988814462e+04,8.492419595839655333e-01,1.071879400578744868e+00
5.353529760688325041e+03,4.800790457945074419e-01,7.699701906349732949e-01
2.020351022121348797e+04,8.747818014701120859e-01,1.385794618396564370e+00
4.097642805755308473e+03,9.687011309780469981e-01,1.489088449298779926e+00
5.820289771587836185e+03,4.877520545235285443e-01,1.221274836442267420e+00
3.650399081567168196e+03,5.016682544102635255e-02,5.145353068964149124e-01
2.892054490887796055e+04,9.892712725669600138e-01,6.322140443545264388e-01
1.574378047702047661e+04,9.989366731367232966e-01,7.545730827690725340e-01
1.678772530469727280e+04,9.982897393334356773e-01,1.248965334191110665e+00
1.691930630160240980e+04,9.916664415184741621e-01,1.206313268819715567e+00
1.173917408797070129e+04,9.371493378384325723e-01,1.487583475399757882e+00
9.020672896940266583e+03,7.386118139936090898e-01,1.278089464966988276e+00
2.877145811057003084e+04,9.914893468982622915e-01,1.690922354471568467e-01
3.055925281251818524e+04,9.789789458802421462e-01,6.881298634072765541e-01
3.863169589280512355e+03,9.518931286179379558e-01,1.170812373141855378e+00
1.745152862179675867e+04,7.041489712969668524e-01,1.199427121177434774e+00
7.368252601097887236e+03,3.919342108123727852e-01,1.444373287374409953e+00
4.463429937773831625e+03,9.627058809373491011e-01,8.292375174881725375e-01
7.879208568920943435e+03,6.235071205255879878e-01,5.942774515418158821e-02
1.970585906218638775e+04,9.934568544443569404e-01,1.561941070219617700e+00
7.800404424970734908e+03,4.098208403068450689e-01,6.691358341177489066e-02
3.971640478795532090e+03,2.089638237970323775e-01,7.746564600441618875e-01
5.304541743719725673e+03,6.820442222242295571e-01,1.507739600989457252e+00
3.049210487321338223e+04,9.738391646334199070e-01,9.571939462313341918e-02
4.823220655023888867e+03,1.515596861147120444e-01,9.619924453408448262e-01
1.539804827035352901e+04,2.896574621123482185e-01,1.175299919150886385e+00
8.568897424127366321e+03,9.984464072677662339e-01,1.132895610051110724e+00
1.973121401362758843e+04,8.330560898352041832e-01,1.246470981390954913e+00
4.102191805853276492e+03,9.439565048161212557e-01,5.364482459536799031e-01
1.362120657643604864e+04,9.618839556682960978e-01,1.196095706858289337e-01
6.050139949764909034e+03,6.184031133437624117e-01,9.881904052200953803e-01
7.028996617764050825e+03,8.477470655821761625e-01,6.232121704761033332e-01
4.023103036078494824e+03,7.611990614656043430e-01,3.340265441237636468e-01
2.623942155277842903e+04,9.921395830097556878e-01,1.190553800536729323e+00
3.524734628391399383e+03,9.703473637828974319e-01,1.251602581759218014e+00
2.093625175355881584e+04,8.123208415205673827e-01,3.740033930467002721e-01
6.781533834416160971e+03,9.978241194345739418e-01,3.487487377621014129e-01
3.014771684707727400e+04,8.371095231589570362e-01,1.022150756956452966e+00
5.196677699058303915e+03,6.032545198111305407e-01,6.645754988243760542e-01
5.028167208348115309e+03,9.875362032456292960e-01,2.223864717488698572e-01
3.045463232050809893e+03,9.894460534687470332e-01,1.347115333191015729e+00
1.598059257429584432e+04,8.420770242438369024e-01,1.187950278704361651e+00
2.335359270743175148e+04,9.918194401416100536e-01,3.250326333267340995e-01
6.254905990929288237e+03,9.287338614982425522e-01,5.539156528928942391e-01
1.854892864685823588e+04,9.989971751093675856e-01,1.638187594386047163e-01
4.723085166812061289e+03,9.788842391632675000e-01,2.296531521946891807e-01
6.405187132114396263e+03,9.920691804822707738e-01,1.033483507205771312e+00
3.080081533548442167e+04,9.983155257080226219e-01,3.130963348574029581e-01
2.000353858590291202e+04,9.951119028927958299e-01,1.323694428292790048e+00
2.633277414885687449e+03,9.935932897755649362e-01,1.341057454305806029e+00
2.750057772607407969e+04,9.985341642932926698e-01,1.729845933196572649e-01
3.055972256034560814e+03,9.735797732618742817e-01,1.382352146032099993e+00
6.678335142215411906e+03,9.835539888405695486e-01,4.446132533181152979e-01
1.169045944053826497e+04,9.957223529847079035e-01,6.695158273949065597e-01
1.180543734330831103e+04,9.543253445413945046e-01,1.088086738858659475e+00
3.015095152918696112e+04,9.595279077179474925e-01,5.701943609475146335e-01
4.114996814347456166e+03,2.679383080955234364e-01,9.691892417858925801e-02
3.506650971323237627e+03,4.998854840032601610e-01,2.477757705780834346e-02
4.271269332250582011e+03,9.651514640601263073e-01,4.868506913232664157e-01
5.535410539431763937e+03,9.977506101439974628e-01,8.443465110187753364e-01
2.853148312981411436e+04,9.926109209723148474e-01,3.373610082889006434e-01
1.121482009619884957e+04,9.927451121774439891e-01,1.366696006312333678e+00
2.939545820824927432e+03,9.816933117893010818e-01,1.144616443160482389e+00
9.612477842826239794e+03,7.620540907329914626e-01,9.190088882136778770e-01
1.957312310495698330e+04,9.980909128510718764e-01,1.877782668632119872e-02
2.226615525025068200e+04,1.514299393179574516e-02,1.147119128229243223e+00
1.134105367616837430e+04,7.786719885325775747e-01,1.063866601953742830e+00
8.266917866129040704e+03,9.966542395490165518e-01,1.470489531245540382e+00
6.731675534524828436e+03,9.910768286779254588e-01,1.065518988845882559e-01
5.300766801065512482e+03,7.324962415557996209e-01,1.361763305504046562e+00
1.491888583981635384e+04,9.271829706965654117e-01,4.444441008312892127e-01
1.048292318220958623e+04,7.481970948682801215e-01,1.169123907052437961e+00
4.581870867320902107e+03,7.663673385712721497e-01,6.396559260058987118e-01
2.739983577049152700e+03,9.826974974244259142e-01,8.616002403723926895e-01
9.132496514397585997e+03,7.438328909997918847e-01,7.565931672114435680e-02
8.036554030026304645e+03,5.405953495203945636e-01,2.094467400103963151e-01
1.065669402343750698e+04,9.911731567061057291e-01,5.790710083230308225e-01
2.896365440641770329e+04,9.981411075269871480e-01,1.452517934321836846e+00
6.178271267850002005e+03,9.667884732545348747e-01,6.671803744151317828e-01
4.563999625115129675e+03,9.951381804646887153e-01,6.533721639492393596e-01
2.524583759678277147e+03,9.928214460141588926e-01,8.505511937994371108e-01
4.668901493958261199e+03,9.074925486034449706e-01,4.574702952802270906e-01
1.698467367211241435e+04,9.749933813959782425e-01,2.002800291237401276e-01
5.664231967876320596e+03,9.879357849078366227e-01,3.801054245801656073e-01
1.524859686450057961e+04,9.938208370853797158e-01,8.862420230874025473e-02
3.994136926183578453e+03,9.759430681498079130e-01,4.293361726656612087e-01
7.215964002276452447e+03,3.098731722283117884e-01,1.298102008874809643e+00
5.525883883069968761e+03,8.823467804035629580e-01,4.975834970022310344e-01
1.306144911675074763e+04,8.782914763301398198e-01,8.059570835178793413e-02
5.774797619545859561e+03,8.324179201328451017e-01,1.094874592828227522e+00
3.888280063881540627e+03,8.410708177570329624e-01,5.772678573596486951e-01
9.496197460555520593e+03,9.530347994778242127e-01,1.006813540704157850e-01
2.676469975609096764e+03,9.957144387054157608e-01,7.089029810220518479e-01
2.490479537950578379e+04,9.295758678651621087e-01,1.115239588742018978e-01
1.539130092654592772e+04,9.956443052859486054e-01,4.342994270154185710e-01
2.096790132769543925e+04,9.896197258288726983e-01,6.579770012122705403e-01
2.174086291820153929e+04,3.186048590015418958e-01,1.141363107767179086e+00
5.473406232251141773e+03,9.707824418136797862e-01,1.535273413983174962e+00
2.611904421779339100e+04,9.970772819898592321e-01,6.068516053897642371e-01
4.070720517292686054e+03,9.002055940792924593e-01,6.159739495510738738e-01
2.627508599285454238e+03,8.906311565775375527e-01,5.205263345695522459e-02
1.932417463716671773e+04,8.995195363900606589e-01,1.980239955141288588e-01
9.263548240777632600e+03,9.981299189235037783e-01,1.290011673902077272e+00
2.702400678985367904e+03,9.807868501195784461e-01,1.275100215319872277e+00
5.122162828096033991e+03,9.977037996493324234e-01,2.834716344490851303e-01
8.539253862970268528e+03,9.411364997481976857e-01,5.832160902528654711e-01
1.307229282392752975e+04,9.921256878712298999e-01,1.487246619173551165e-01
2.118627433445162387e+04,4.472312181343466309e-01,1.329490983799853865e+00
5.274470850548597809e+03,9.834105689763721347e-01,4.428824764404798997e-01
8.961244350754403058e+03,9.566458917600662026e-01,5.114891945970952980e-01
2.549278254613464014e+04,9.815091779489248935e-01,1.305627316481132061e+00
4.485214607465641166e+03,9.976231162433479849e-01,9.635401943165082805e-01
2.416104333727006815e+04,7.572235594723251140e-01,1.215695745675446027e+00
4.939493731520618894e+03,9.685326580639870286e-01,8.155902606420628587e-02
2.057944427716094651e+04,9.982734367083401228e-01,3.390695823028460620e-01
6.816609707686098773e+03,9.131926312015153924e-01,1.463711483369982913e+00
3.496887512693170720e+03,9.945032142940340991e-01,7.232651261548210808e-01
1.796113015332195209e+04,9.988211570438966236e-01,2.397749112473470667e-01
2.941039630894929360e+03,8.936898285404795139e-01,9.426875804542180770e-01
5.878656774042619872e+03,9.509375718128184607e-01,7.818608999330053377e-01
4.814999918655354122e+03,3.649371308378228651e-01,7.054306525605816280e-02
2.024037668573488190e+04,9.507183729710286801e-01,6.019521253091311697e-02
1.827122623962670696e+04,9.748893007842142078e-01,1.397456235536764790e+00
2.394207087825112103e+04,9.974142778896111228e-01,1.003032680248441055e+00
2.260064396577788284e+04,9.878666983652307776e-01,3.348199896626851690e-01
1.238149113765237598e+04,9.949997905270230314e-01,6.857340890682941392e-01
4.572684172333787501e+03,9.810902963244199082e-01,1.384372474897404670e+00
8.359764293253623691e+03,9.223543691240269071e-01,4.825862514929450953e-01
2.795759376302780947e+04,9.973311525378357745e-01,1.366345983069991554e+00
1.998213937027836073e+04,9.986931986953392348e-01,5.610684610521157190e-01
1.116089825625030971e+04,9.984073684366264745e-01,1.372806687714873242e+00
9.665588779926265488e+03,7.830076307978399708e-01,3.141160303847804203e-01
8.256415326495158297e+03,9.903460207978346252e-01,8.985620696887533509e-02
6.832131011828128976e+03,9.941202211867133931e-01,4.129458465291193647e-01
5.900135253175625621e+03,9.947983278246596006e-01,1.513550683543273712e+00
8.860426589818389402e+03,8.913583920086067813e-01,1.302275354326026813e-01
2.193132661109614128e+04,9.977093299033061857e-01,1.265060681088378214e+00
2.570963400322174857e+04,9.936294872596737049e-01,2.550384099646636482e-01
2.925620004126199547e+03,9.953481906371388632e-01,5.360859056489318819e-01
3.281962293471905014e+03,9.917286846409008039e-01,2.601389609992492691e-01
6.246868330500341472e+03,9.983411470765752860e-01,2.011332276266021915e-02
3.271199547218785665e+04,9.949460799909390918e-01,1.173999198338720573e+00
3.273701205804224628e+03,9.927275238330013352e-01,7.099425211694216920e-01
4.342486508632284313e+03,8.450578937570691895e-01,2.872327208087527631e-02
1.518037605399543827e+04,9.597469750984141124e-01,1.030140746298768617e+00
3.018935197095125841e+04,9.869813743923226967e-01,7.555724390791026535e-01
2.681468852602497282e+04,9.853934872242479104e-01,1.162251125033521848e-01
3.540827907476707423e+03,9.417450471179138471e-01,1.368430611428675503e+00
2.708214344426360549e+04,8.180346033541950890e-01,8.044827275685373369e-01
2.071298904332688107e+04,6.704415483640983053e-01,1.324365061032915403e+00
1.099693299590882998e+04,9.893034353117724500e-01,1.077256100409426764e+00
1.881273925623144169e+04,9.882146827050571902e-01,4.848290281058297846e-01
9.493812513295859389e+03,8.021530148399749205e-01,9.361793550095408589e-01
1.767087691202770293e+04,9.944670483647644055e-01,4.096029643427414602e-01
1.329550328508049643e+04,9.984029601773408702e-01,1.339717717299836242e+00
3.211804649106871238e+03,9.901838766841117856e-01,1.027201378758028749e+00
3.178620935056038888e+03,6.835122832268450965e-01,5.693586163572436076e-01
2.913337431576471863e+04,3.066862496276586691e-01,6.587964842885761785e-01
1.350099887621775270e+04,1.037811665436095820e-01,1.203914084916041682e+00
8.130445960105311315e+03,9.984633436052060551e-01,1.103535141177738099e+00
2.486951452392093051e+04,2.703957630147979518e-01,6.679782711693044162e-01
4.842917737483217934e+03,9.970578390121999091e-01,1.331100557470713541e+00
1.071163096268679146e+04,9.036169753580983732e-01,1.304161537000560811e+00
1.090525415676384000e+04,9.841345381393182823e-01,1.345297821911132230e+00
5.716746029395765618e+03,9.713239846804565536e-01,7.412373116884435342e-01
5.951000648507429105e+03,9.959695742064689217e-01,2.991223155980164694e-02
2.918543722797630107e+04,5.845814386445848942e-01,1.592694081292402586e-01
3.587634689996594261e+03,9.971975772000646332e-01,7.664977218568957973e-02
1.087815911298523497e+04,9.898021523854868553e-01,1.504637815854229954e+00
6.792012581820837113e+03,9.403138973617664043e-01,3.851166133902527156e-01
9.522440482324398545e+03,9.763505287430254143e-01,3.101262595883912954e-01
1.473043379853144143e+04,9.898757298263967108e-01,1.651591011258690123e-01
7.208426316015108569e+03,9.277191480886775032e-01,5.468149190209566912e-01
3.481188931854409475e+03,9.885943856989488632e-01,1.291697712576340695e+00
1.060260303637538345e+04,8.600149493169182424e-01,1.280100030392503863e+00
8.842602556861060293e+03,9.431944460713306277e-01,9.864048856275129395e-01
9.849210698124772534e+03,7.113743614309095964e-01,2.025309837220603260e-01
2.172058338221617305e+04,9.868708336131749581e-01,1.079054673416355081e+00
2.663135359942772993e+03,7.366947111487613942e-01,1.005590748390099209e+00
1.629873891728049057e+04,9.972402028878375457e-01,1.560528708777784157e+00
3.976321940558178540e+03,9.697488820032859058e-01,7.180665107731052377e-01
1.627220115705442549e+04,9.857967814550204766e-01,2.432747189017470946e-01
1.398120074981643847e+04,9.901382793795919790e-01,1.462667664427463654e+00
3.101010457636855426e+04,8.871075728719881592e-01,6.107174041232926731e-01
7.995736372178738748e+03,9.538410263110725928e-01,1.506930923496223818e+00
1.569752523976014345e+04,9.989706919889033143e-01,1.054801536729388645e-01
2.924760414611584929e+04,9.912876468899387561e-01,4.264436303157195796e-02
2.060927136934283044e+04,9.855006938779223846e-01,7.517503030478571713e-01
6.074591849779888435e+03,9.955535738460405959e-01,8.406504874187357146e-01
5.058043317848318111e+03,6.356747693051110204e-01,8.737062536146616987e-01
3.408147790621516378e+03,9.833316374274680971e-01,1.303689180570246187e+00
4.425628789356534071e+03,7.509921893104106738e-01,9.851928451402640619e-01
1.761570236291638503e+04,9.924743306641120588e-01,1.473945275430929014e+00
2.747128248816500491e+04,9.987564446463278456e-01,1.722538935173335284e-01
3.041929826361735104e+04,9.950351799229687488e-01,5.028453956296380367e-01
5.729748595441109501e+03,9.250342185630876513e-01,5.955290425188080050e-01
2.575639274192374614e+03,1.388034484399984780e-01,9.177509793469668109e-01
5.549547446723239773e+03,9.921835671606585860e-01,1.176735405086830610e+00
6.999145098283880543e+03,4.516544850920533039e-01,7.037903275265671166e-01
7.421913954448458753e+03,9.169097355301023544e-01,1.556062642699151066e+00
1.930646307689008245e+04,9.947364119103980773e-01,1.539663027323361133e+00
5.135040353927154683e+03,6.051408386710002141e-01,1.219745077261409349e+00
1.394971087729777901e+04,9.754885645393778226e-01,2.453357597711314231e-01
2.271490036554821927e+04,9.971893989693021432e-01,2.862007088302945257e-01
2.572695594742853427e+04,9.709755413236195176e-01,1.168003415389197164e+00
5.597812922699844421e+03,3.424076658289504360e-01,6.340965782943778217e-01
3.927513637074037888e+03,9.800559481511020854e-01,1.336667336133295914e-02
9.113495821730581156e+03,9.963001815662858585e-01,3.058136567608440437e-01
3.225254470440769001e+04,9.919510343570517863e-01,5.542293364844321640e-02
6.846997106387716485e+03,9.901078036634147761e-01,1.163120340166668099e+00
1.341302955099772407e+04,7.672541169780119352e-01,3.718086516671202379e-01
2.930764997746116205e+04,1.827589625106967874e-01,9.150034271211728854e-01
1.369410579647129271e+04,9.966196119314992830e-01,1.209187567931951923e+00
2.866299636396777260e+03,8.142586203334787331e-01,1.558146865012059568e+00
9.538965824387860266e+03,9.845227065756747553e-01,1.380065142109418164e-01
1.743337107907443715e+04,7.872172354477772194e-01,5.091289328927960378e-01
1.903006355271460416e+04,9.987860266803401110e-01,9.745540551734562795e-01
3.251039131244306191e+04,8.382016700253884789e-01,1.748974499524353632e-01
2.468760224054421269e+04,9.044365124052009541e-01,3.084305547111454993e-01
3.374289273170497836e+03,9.690289671643398384e-01,2.559012154805673789e-01
1.670411560579872457e+04,9.946166505420539483e-01,4.145185196170085851e-01
8.197190194274842725e+03,5.686968451424881943e-01,9.023916874400056409e-01
1.490061683130814163e+04,9.451896302554356755e-01,6.744507488787846450e-01
1.751398582449553578e+04,9.955035094839298493e-01,8.251199353996462316e-01
2.935652948333815948e+04,5.026600048366276496e-01,4.683562288307364235e-02
4.290576730745862733e+03,9.975037253409086979e-01,1.122893034613455132e+00
3.220776802938369656e+04,9.818297094581980300e-01,1.474490439538495679e+00
4.830423578735874798e+03,9.873396112917596223e-01,1.155885117617881042e+00
3.107333654130402647e+04,9.975818371515557947e-01,5.429332387012215655e-01
9.144195949828121229e+03,9.837397132897016672e-01,1.398400359328655806e+00
9.619817174956044255e+03,7.930955499276082232e-01,3.366802647122107417e-01
6.376417727197080239e+03,9.981750452004239937e-01,5.330227753717312611e-01
8.982198986752118799e+03,9.680087166161696066e-01,9.919023957969681782e-02
1.266421737959002712e+04,9.988133191119478171e-01,5.583640468008773672e-01
8.581760199596610619e+03,9.890993323849487373e-01,5.842397778876485814e-01
8.560229081598383345e+03,9.919847415451965578e-01,9.277354354621214494e-01
7.375644699785539160e+03,9.934931658583118219e-01,1.171400167059551300e+00
3.686642177290246309e+03,9.490625978066880020e-01,5.734239253287257698e-01
1.010453600046300198e+04,7.470048313724145794e-01,4.638202240648712227e-01
3.995799774443275510e+03,8.727332434795664895e-01,6.986488134538707540e-01
5.480898785167502865e+03,9.535040866366141232e-01,5.585367414383656248e-01
9.165560536629624039e+03,9.980116991008735061e-01,3.471180295779038305e-01
8.650876372572001856e+03,7.883207608963758162e-01,7.491714735878747533e-02
6.610228240407692283e+03,9.673947907910129818e-01,4.010635613474138883e-01
2.900010096279929712e+03,9.506129510796583748e-01,7.122593338014968634e-01
1.712301560762677400e+04,9.936921096091768657e-01,1.438043058955159881e-01
3.002865111717479977e+03,8.908196855316560248e-01,1.446811748830255373e-01
1.036507028068152977e+04,9.966381351988029547e-01,8.010237086599251988e-02
1.426712617285044871e+04,9.012153587519208253e-01,5.164545639676763056e-01
3.218504566457047986e+03,4.630358944068900806e-01,7.861818326114432542e-01
7.668554444832611807e+03,9.299560060239726589e-01,1.048199553576966592e+00
4.949231541432190170e+03,9.931630234275009572e-01,1.506063252024953725e+00
3.109228282847750961e+03,5.019657128584413819e-01,4.369617390679565450e-01
1.617248278688874780e+04,6.202322040750245513e-01,6.769845420835656213e-01
6.217334935149144258e+03,9.533574269403668477e-01,9.313913475481155890e-01
2.898282279425606976e+04,7.743753805434755444e-01,7.848825362572944275e-01
1.089267936022758295e+04,9.722992871755650190e-01,3.307846114056802733e-01
2.645159642202223768e+04,5.489927749966777570e-01,2.767544339848720392e-01
2.132588028749174919e+04,2.621850164071399814e-01,3.896736475052088866e-01
3.239711685942680560e+03,7.905609074116004553e-01,1.512843889639950312e+00
2.021445635433507778e+04,6.459615343574010016e-01,9.293998330978859856e-01
6.199141210997300732e+03,7.944526444343460447e-01,1.084601390054529269e+00
1.366431083633422168e+04,9.937974475891384607e-01,1.451333439029822703e+00
3.329646841391132966e+03,9.940708325625001729e-01,1.248120330339108408e+00
4.855909332607128817e+03,9.316445610101764530e-01,1.413411868077739664e+00
2.908402485533233175e+03,9.008998444980417242e-01,1.367630268352477030e+00
1.390912626470880423e+04,6.560043632426406646e-01,1.391628164382602950e+00
1.190370200395447682e+04,9.972123490175246463e-01,1.510008819280964865e+00
5.312577160260178971e+03,9.960307399149506136e-01,6.058374686802397990e-01
4.082376686239641458e+03,9.904352579380467647e-01,1.145841694199224881e+00
3.268279802540434957e+03,2.103514071554439813e-01,1.094145385902780987e+00
3.203574623043618340e+04,9.949232100402753964e-01,2.721429256659608220e-01
2.188586765294109864e+04,9.978686273219026237e-01,8.871275028498218918e-01
1.590372346385301717e+04,9.988397765697052400e-01,1.018413705216274723e+00
2.121109471419036345e+04,9.066441496443642389e-01,1.218624913243328445e+00
2.794145546450296024e+03,8.647899376615046929e-01,8.785062357387420917e-01
1.367375897432227248e+04,9.413919573090862025e-01,9.476992765984019185e-01
1.303286046036261723e+04,9.880993132859616779e-01,1.407734301760628748e+00
1.300443906021426301e+04,9.982627265883667889e-01,9.935167557322626131e-01
8.048295189380974080e+03,9.982313868381478272e-01,2.747127926581841018e-01
1.552732427181489220e+04,9.623313724111371981e-01,1.308521326431868470e+00
5.502405377267677977e+03,8.207137469654653961e-01,1.061262711784239032e+00
5.193134235753668690e+03,8.255503025602582978e-01,1.685249170441303068e-01
1.831952300208030647e+04,9.493292620799718140e-01,1.287323756274146858e+00
4.204089792873480292e+03,8.860456143346270297e-01,1.520659718121160076e+00
2.747618920042300033e+03,9.943700267869878262e-01,1.046467827759860247e+00
2.548378142838050553e+04,2.958732212664992867e-01,1.427740167538306348e+00
1.270421610406598120e+04,9.951232237359890487e-01,1.442739714197758261e+00
8.302527586287827944e+03,8.745079276429128523e-01,1.239224900388343320e+00
1.059829223019292112e+04,9.963453959981833918e-01,9.908263328512735280e-01
5.977415048877697700e+03,9.104176171316593624e-01,4.086610492731252431e-01
2.475882930713769019e+04,9.639693533528628233e-01,1.151046106500607680e+00
5.704544692641806250e+03,5.318626737634140067e-01,8.650466068869331338e-01
2.630115842661823081e+03,9.952781528663270372e-01,6.048362404270678921e-02
8.492533030116021109e+03,9.633545269247737464e-01,8.747079331238046818e-01
1.995958263809550408e+04,8.578750926115881192e-01,4.037246011885508024e-01
9.045629508594616709e+03,9.965222915268140413e-01,1.524642296876791869e+00
1.864707777025424002e+04,7.770707979385707009e-01,8.312708172735276957e-01
2.356917168131129802e+04,8.754079806911707617e-01,1.283161221091862481e-01
4.002846385483512677e+03,9.355357212193928795e-01,4.503914800772562121e-01
1.461593429499371996e+04,4.286717492056718593e-01,1.362835924181392988e+00
2.648840270949090336e+04,9.967499018232502950e-01,1.472872462214858125e+00
1.358509185554389114e+04,8.398946662142805497e-01,1.193053420876515114e+00
1.348224660329448488e+04,9.968174438523541570e-01,5.320056857300595743e-01
6.888065807076526653e+03,9.968043946903317742e-01,2.914277279889643801e-01
1.404062456394734181e+04,9.985320923018643491e-01,8.795354463302089698e-01
1.355451482914878943e+04,9.920311269205160931e-01,1.392485767351132053e-01
6.923485360273088190e+03,9.971552212981990015e-01,5.310430915960844267e-01
3.916928066706429490e+03,9.968399410606554323e-01,4.264503678092967376e-01
5.846511834311608254e+03,7.199480756031315654e-01,1.515682424169649822e+00
3.472706199698634464e+03,9.253711038169113445e-01,1.364120748204174616e+00
1.146371887794735267e+04,9.984195473835015822e-01,6.927031415668968295e-01
3.783347618024701205e+03,3.754757906327277350e-02,7.644929942589646643e-01
9.899157737640956839e+03,8.291252641447590666e-01,1.034223969165921631e+00
5.803348553561403605e+03,9.978934643635682944e-01,1.388395909052306809e+00
4.726505512007973266e+03,9.972614420414194214e-01,1.036251871948636660e+00
4.567825630953020664e+03,9.878975979318265210e-01,1.072425283192517620e+00
6.424344108626070010e+03,9.938796705608889948e-01,8.892080293254370771e-01
8.835916349580089445e+03,6.990503467416027128e-01,1.346322127686382375e+00
3.172167621240006611e+03,9.821661063520914503e-02,1.260683358928684550e+00
1.376048839560906708e+04,9.802061310128202809e-01,2.695464482855084443e-01
7.265470554286404877e+03,9.578344106034154537e-01,1.518964507226323812e+00
6.526500051826074014e+03,9.960046518872414101e-01,6.445976876189233318e-01
1.231173360052680437e+04,9.983056757275601267e-01,5.290135129018892490e-01
3.105134106435922149e+04,9.500535190669168184e-01,1.383275062601997174e+00
7.236428920242822642e+03,9.986120846312800392e-01,6.198665159070678721e-01
1.768662607278522046e+04,9.928617474021069755e-01,5.199582733339801477e-01
3.416121384725327061e+03,9.188164796493373254e-01,5.133996339915910534e-01
6.528736632274771182e+03,9.845350819325187075e-01,1.327315097253778164e+00
2.269249090391603750e+04,9.739232593984525899e-01,8.123006374384450501e-01
9.451814599577577610e+03,8.918708510523877253e-01,1.099085323461406860e+00
1.221312484839779609e+04,9.935655550269859582e-01,2.495087865392942028e-01
8.140572987572084457e+03,3.545302983616919201e-01,6.790690464648928559e-01
2.385947757542798354e+04,9.635093250936231923e-01,1.279246598137995461e+00
1.003727831154518208e+04,2.802727353305620728e-01,5.810049685907420214e-01
2.108082570043425949e+04,6.871827086697348541e-01,1.226051454537453678e+00
2.994697382672704407e+03,5.207405454002549394e-01,1.292588595719177835e+00
6.228239047560982726e+03,9.807126469018732084e-01,1.772709954681584710e-01
4.235965764630632293e+03,9.957629490409632966e-01,3.446242650795388607e-01
2.052597313658002895e+04,2.752232244908007219e-01,5.551791123592098032e-01
1.790161210250903241e+04,9.554135870872300096e-01,1.045363607023236163e+00
3.083419598137268622e+04,6.384704624359494041e-01,1.405604206596245298e+00
1.086848669020966008e+04,9.593196273434688726e-01,9.440193888609860196e-01
3.109841466006858900e+04,9.924018557902314353e-01,9.321767311253755794e-01
1.884092635539526236e+04,9.832520111285268927e-01,2.958992272119062572e-01
3.388157952334547190e+03,7.929631279217144169e-01,4.992088195556375618e-01
1.026956480638998437e+04,6.612331837546112645e-01,1.233889908998538232e+00
8.446970518135998645e+03,9.927477682084595578e-02,6.596839978860961073e-01
3.027753994533764853e+03,4.939547842167126834e-01,4.162913866485401515e-01
3.140723145117283639e+04,9.981246176816888083e-01,1.051062912031820895e+00
3.074283538125787163e+04,9.722322575124668909e-01,9.800191168069458114e-02
9.558591933822397550e+03,9.915450432497793232e-01,8.947420437308841734e-01
7.783682704022728103e+03,8.188682569618226381e-01,1.449836626252460903e+00
1.487601665973633135e+04,9.529539828311530680e-01,1.511036218382725838e-01
8.657566163889281597e+03,9.821551003792279300e-01,2.041836103839183569e-01
2.640746483062556308e+03,7.059946933603713504e-01,1.287100678757943539e+00
4.240395975561800697e+03,8.652491298592410729e-01,1.013270596999523709e+00
1.704290652002356364e+04,9.825597811635609080e-01,1.338448676351097877e+00
7.606435775650955293e+03,9.976888723562045147e-01,6.015385964498165539e-01
1.738985672681906726e+04,9.764692629917052225e-01,9.526204676143101846e-01
3.983862426619273265e+03,9.902438533616579885e-01,8.346112787539023969e-01
3.242492097422639290e+03,9.967250756507927134e-01,1.082250401089133618e+00
1.977190394585916874e+04,9.626346110317844929e-01,8.997342331191366949e-01
2.646792699959097081e+04,3.122366608578104330e-01,1.491622215475045587e+00
2.584293674207320510e+04,9.725527840889829356e-01,3.819138384220966964e-01
3.801670115702977455e+03,9.963576957673528911e-01,9.456597699880147090e-01
3.263016750482592761e+04,2.410848677012683572e-01,9.530069494731772117e-01
2.312768645458703395e+04,9.935434105031213381e-01,1.212449019322615396e+00
4.433821517742157084e+03,9.952941359748533889e-01,1.189355292815394538e+00
2.124120772982679773e+04,9.182838362564456069e-01,2.113005200917973392e-01
2.369097795714896711e+04,9.895892062683897539e-01,2.655316423932750358e-01
5.251945058833037365e+03,8.059703895980436794e-01,1.009616115103851852e+00
3.811593534320771596e+03,9.806773810888390619e-01,1.150360690390939578e+00
5.424424012960071195e+03,4.747545299352254888e-01,1.377389580750249642e+00
1.189654999451255026e+04,9.968449593625878791e-01,1.221529422317779584e-01
3.039290324868722109e+03,9.617124248335006120e-01,3.389218855959134219e-02
3.158688928924789707e+03,5.056885430579222129e-01,7.571884297521538354e-01
1.370983728776924545e+04,9.975464773232811666e-01,3.881750178104295679e-01
2.905102125528449687e+04,7.652373317637169992e-01,1.678171813775688748e-01
4.528617601906874370e+03,7.502765519697102148e-01,1.001354560018157480e+00
8.525311525634448117e+03,9.981886665348569387e-01,1.826449496851027532e-01
1.467595403820124011e+04,9.933868497647748708e-01,8.761090332693427518e-01
1.782975702757486579e+04,9.988053935441908449e-01,2.320308845499556571e-01
3.254514187720453720e+03,8.865534336220000089e-01,9.074738377328650518e-01
5.677696633966883383e+03,9.335659900986021942e-01,1.054065626844727266e+00
2.129971523672413969e+04,9.885692966299185480e-01,9.576552957525810150e-01
4.443988276482222318e+03,9.965645397118269022e-01,9.055238790877899735e-01
7.739498554604066157e+03,9.853431546213955450e-01,9.842626799644351721e-01
8.613095775792628046e+03,9.520896859139910129e-01,1.227158534641912491e+00
1.572711294381365587e+04,9.227380641345851453e-01,9.760626197378965418e-01
3.297516573584727666e+03,9.423890499257091546e-01,1.325631846621487364e+00
1.477343824841209971e+04,7.774639666809135541e-01,1.034894899994651396e-01
3.139907301690178429e+03,1.618534339340012007e-01,2.052331432727928506e-01
4.654692861544411244e+03,9.659389914182926473e-01,1.311350187531066469e+00
5.123347929970130281e+03,9.714687682832308102e-01,1.124669485519447454e+00
3.562025783333678191e+03,9.814680438162249887e-01,6.536695937724601446e-01
1.272806275855556851e+04,9.923013551552998246e-01,1.408407979844111590e+00
5.244345546303007723e+03,9.935810582422499593e-01,7.936037842454531921e-01
1.441496075675539942e+04,7.824273457904600271e-01,1.118660717891926781e+00
2.699922305284948379e+04,9.812377677457581049e-01,3.109810696793719464e-01
3.906163982741976724e+03,9.739394254540630902e-01,8.796637219543115283e-01
1.498883100361917786e+04,9.847174403059957282e-01,8.061115437769232894e-01
1.858055225659797361e+04,9.502833506809238440e-01,1.511222318074940674e+00
9.940262507199373431e+03,9.985204850601030468e-01,9.272949143913741255e-01
1.283447843786823796e+04,9.819349181214118705e-01,8.462421028635432885e-01
9.273682317053755469e+03,7.541784713419985575e-01,1.139910326255505923e+00
1.438624280209948301e+04,6.548490599700289572e-01,1.178473860653048044e+00
2.558178416827943875e+04,4.837631482371996805e-01,1.559443819153186528e+00
2.987103764559938099e+03,9.910627610146056643e-01,8.370743925572036170e-01
2.308215725923408536e+04,9.909747234644521452e-01,1.252765743133009924e+00
7.387494382167358708e+03,9.936582868412622283e-01,1.508880496281205019e+00
7.342806766063813484e+03,6.672148620094093818e-01,1.229840541313045099e+00
5.074528380071899846e+03,9.681152286297387555e-01,3.938677969411204238e-02
5.434102038213090054e+03,9.867394932586418532e-01,2.610047139031399020e-04
8.886619338496731871e+03,9.949509746016792500e-01,9.094081186953463236e-01
1.834813352318167017e+04,7.887511544183506418e-01,7.987785027917774228e-01
2.725317979240001296e+04,8.887378189959420638e-01,1.534088304165333927e+00
5.990425364985950182e+03,9.860800941297963584e-01,1.836664798118639863e-01
1.954751944388674019e+04,9.059323722999693684e-01,1.112209769804525239e+00
1.494942363938747076e+04,9.987755730042200408e-01,1.121797040995263783e+00
4.187934651706578734e+03,9.973650165507625953e-01,1.188794288693058476e+00
4.593980427020139359e+03,3.164106012367974285e-01,1.273307403818608963e+00
2.758873790631372685e+03,1.447445033155972949e-01,1.023058336450257677e+00
2.452535381902425797e+04,9.891679648672735414e-01,3.669070501799591155e-01
1.380204009465399758e+04,9.778900307182847307e-01,1.268498139538117631e+00
4.795133417790610110e+03,7.227612118983202105e-01,2.409766374979450398e-01
4.790502022671553277e+03,5.386504741876978475e-01,8.215033749596318824e-01
2.930788528497295374e+03,9.325169864805650244e-01,1.248404553703993600e-02
1.494232953947403803e+04,9.744446910962420993e-01,1.387465159048769880e+00
9.586326886066794032e+03,8.539319763848854938e-01,1.450359133752387120e+00
2.375505084465627806e+04,9.979922186592012912e-01,6.662338211689561307e-01
2.739733015517467720e+03,9.906928452768736237e-01,1.039397683600521205e+00
1.114145223134084154e+04,9.983712805191685691e-01,3.320659583714754420e-02
1.262822150201636214e+04,9.946567285483033372e-01,8.467883149910933049e-01
2.427308542586461044e+04,9.979818968884424102e-01,1.584691171446492575e-01
7.293977885052183410e+03,9.841651193534022291e-01,1.262177722542940639e-01
1.235449979259541215e+04,9.420768092889161283e-01,7.903223605908501481e-01
7.888551935601532932e+03,9.584511990642806678e-01,1.544492433836617273e+00
1.431503478598696711e+04,7.009214991971205455e-01,1.240567310447343363e+00
9.295204946149686293e+03,9.688346319272260754e-01,5.262040195280991428e-01
8.378629879231839368e+03,9.978550081139897499e-01,1.310234132000208884e+00
1.560730262425035653e+04,9.774838024316759855e-01,6.687208707181605538e-01
3.198248973428552745e+03,9.361139102452400440e-01,4.562955205615437104e-01
2.854445514310390536e+03,9.610805524597445526e-01,1.158052928986289976e+00
2.340550250022547334e+04,9.959113989110501830e-01,3.601682059623941279e-01
2.724067032222991475e+04,9.985916241916016345e-01,6.477090325121704906e-01
4.356127166642675547e+03,9.721311456568698661e-01,1.472571154154639905e-01
4.026654211935320291e+03,9.802656474862544433e-01,2.203665268083992435e-01
3.384108896492481563e+03,9.913225548340937054e-01,1.197626297251238592e+00
5.267855065338697386e+03,7.277740634441636214e-01,2.851412501414480882e-01
6.746018155324513828e+03,9.671988806901843372e-01,4.608069765910764448e-01
1.444322646643299231e+04,5.447165066148103030e-01,5.352205009900705690e-01
5.102982249293163477e+03,9.863751560585781730e-01,3.284746415121095331e-01
4.393048717585184932e+03,9.838120248839616888e-01,2.380869816471321843e-02
8.508362315161100923e+03,9.752590812605139714e-01,1.530492209700382800e+00
6.083148827101699680e+03,9.973996595800778131e-01,5.493414505795793379e-02
3.066720348951513370e+04,9.105928396836762140e-01,7.061818670760141581e-01
7.640811238859762852e+03,9.945873673347831456e-01,1.574533504674588136e-01
2.342703650915806793e+04,8.467099652388734299e-01,5.513494484563540299e-01
3.363501393470982293e+03,9.600878727784580846e-01,2.253068689092768695e-01
1.612236206825790396e+04,9.812032813842175294e-01,1.551028199867614532e+00
1.296863126421922607e+04,9.906399732059125718e-01,5.978387700730367627e-01
1.911110645666209894e+04,6.661829132252582442e-01,4.714443001636248187e-01
8.746852945005275615e+03,9.761559676786627504e-01,1.517829599094374871e+00
2.718271373206634598e+04,9.488376513307462679e-01,1.105382629211609791e+00
5.441271874664563256e+03,9.958712632733222048e-01,1.161967711077633636e+00
6.303179426337397672e+03,9.954170349010542651e-01,1.016313899653624508e+00
9.953619780720455310e+03,6.891506593207377129e-01,1.814561957355158017e-01
6.910313006147689521e+03,3.731929961933247997e-01,6.429498107896746140e-01
9.690672009128105856e+03,6.574316873961985053e-01,1.399643718525303893e+00
4.878574132233578894e+03,9.861613346697518656e-01,2.167858583315298571e-01
1.334808175081302215e+04,9.989615565857383750e-01,2.982765948055099425e-01
2.677770819289570500e+04,7.136755656356628119e-01,4.303959407989582653e-01
2.387842061384054978e+04,9.938630434585353779e-01,4.743793488324932195e-01
1.565016863620288314e+04,9.939860233999401329e-01,1.059693747481668114e+00
1.658914662341803705e+04,9.479573035894874877e-01,1.485623902850105482e+00
2.458436846834631433e+04,9.718187752871383367e-01,1.343781207191380611e+00
1.122395248153748435e+04,9.234069525727384153e-01,1.255535543929425235e-01
1.781842624722571418e+04,9.825082108625297073e-01,6.034106860648219550e-01
2.654573227745274835e+03,9.828110800059628449e-01,1.017873119336412557e+00
1.106456766755866010e+04,9.912013917564720389e-01,7.453803471004034620e-01
8.793089422826564260e+03,1.929540763492980648e-01,1.514743451252727136e+00
1.352035252264815972e+04,5.642459344353596418e-01,9.921388075189350175e-01
1.014442556981490816e+04,2.189950148511350392e-01,2.148516997310760679e-01
2.201127499915263979e+04,9.918832040275211703e-01,4.365652963937556308e-01
2.572455304264434290e+03,6.795081935060021117e-01,1.880998951514263329e-01
8.522495813427485700e+03,9.934359888135849692e-01,1.964481180895565893e-01
1.252492023332327335e+04,9.309990210495876495e-01,9.644826212858229608e-01
6.810216885515365902e+03,1.251147194673135621e-01,4.878372476701530180e-01
6.564714482241124642e+03,8.163414415583789552e-01,6.375804598786406485e-01
3.308939972532191860e+03,9.015895497279114990e-01,2.312857372446104065e-01
2.666744609588217827e+03,9.954574079948104171e-01,7.336481358852977586e-01
2.593199120571345247e+03,8.958751327849873158e-01,2.420231477990113234e-01
1.585431807607531300e+04,6.920755041804784735e-01,8.859603819703801841e-01
2.797323236406128672e+03,7.304941480960460698e-01,2.260365251144372256e-01
1.415154873562406829e+04,9.986681333439352271e-01,2.676269878637882460e-01
2.654202309831161256e+04,4.514949270285162353e-02,1.266507432791106114e+00
4.176733304034879438e+03,7.721617888143008646e-01,9.978962147753409062e-02
1.841863566238648127e+04,9.747592309787066478e-01,9.060381616953249173e-01
3.319502369379707034e+03,8.664185068954878277e-01,1.458744112901692480e+00
1.298262248843164525e+04,5.110579118948139765e-01,1.904914398365643580e-01
7.901900027484934071e+03,9.975981836221587962e-01,3.112632432340543542e-01
3.034648984882713557e+04,8.101206865622982978e-01,1.086729726431171272e+00
2.970024717251702532e+04,9.796711350426910991e-01,6.482190072162957728e-02
1.974901471662323456e+04,9.964166157342556618e-01,1.276847628033618731e+00
4.220577062866026608e+03,8.878728475302134493e-01,7.975597745205512679e-01
4.969186290615002690e+03,8.148679398761825565e-01,1.319825147319864111e+00
6.136932135232162182e+03,9.621085147936119242e-01,8.733103011409558414e-02
7.657975824277988067e+03,9.969628500403329152e-01,8.845387902077226361e-01
2.321955658814360868e+04,9.959816306519835294e-01,8.187123104183127165e-01
8.870458533492712377e+03,2.925374357600336594e-01,4.732623868112277865e-01
9.814431407124280668e+03,9.789478449289770179e-01,9.047382915209807308e-01
9.418036712905073728e+03,9.928729005476357727e-01,7.615231643167246212e-01
9.152170881337351602e+03,9.031427151735466063e-01,9.006127966132628782e-01
2.366130642783485018e+04,9.854613033065900973e-01,9.413302334378349512e-01
9.185122939363041951e+03,6.272098522288538369e-01,4.954990054437721780e-01
6.265149453731356516e+03,9.872268396559973347e-01,9.515348923266406800e-01
4.642384127003913818e+03,2.008441872430217767e-01,4.225904769347550993e-01
5.387505966680005258e+03,8.706515222293313983e-01,2.015129762500010302e-01
1.470301807695238131e+04,9.989306304236261758e-01,3.844929212322422685e-01
1.318541722750818553e+04,9.470640615552445851e-01,3.982042821958874934e-01
3.166787322729633524e+04,9.845949060263424757e-01,1.046104433296235037e+00
5.213399860007206371e+03,7.624405970392200693e-01,1.034746308981258966e+00
2.238114969243380256e+04,9.462381398756236628e-01,6.387568157542694580e-02
1.650730551363899940e+04,9.971776221931812900e-01,1.127747916894243474e+00
6.739063812560448241e+03,9.953991026316779678e-01,6.514498516819077212e-01
2.702477712382060054e+04,9.783991529999859216e-01,7.663155618637623734e-01
1.317991442011080289e+04,8.530530838846598352e-01,8.019514231005876459e-01
2.379007706600402162e+04,9.973168251859476641e-01,5.446990850311901333e-01
5.826687275536903144e+03,8.834837363598193605e-01,1.163759094389874127e+00
7.012617522874627866e+03,9.933511247868809235e-01,1.159053729714726977e+00
1.005583499947813652e+04,9.950288545550091124e-01,4.900278541107407348e-01
1.693242783894890090e+04,9.675316567488452257e-01,8.200440391593651901e-01
1.140622506601924215e+04,5.553406486388661190e-01,1.420658468083405124e+00
1.682943252834566374e+04,9.758608414868047420e-01,1.947165675796186102e-01
3.457683073470192994e+03,9.389220375452023148e-01,1.289319208396189964e+00
2.180978088954269697e+04,9.978508814973839902e-01,6.734943613018860020e-01
1.208051519099630968e+04,1.756661837168906892e-01,1.565698901816400479e+00
1.597318962864741843e+04,9.796864062377603766e-01,1.259866062782989626e+00
2.492408641392254867e+04,8.615840896725530662e-01,1.224714662465534287e+00
4.899180099131215684e+03,9.911553642098712702e-01,1.285218098938887721e+00
4.221837416047257648e+03,9.224015308388461287e-01,1.461424289194932502e+00
4.503683383765475810e+03,9.743542464543960557e-01,6.659932325400669262e-02
3.669343707479234126e+03,7.597229580821103223e-01,8.171857149819765631e-01
2.332598927977606218e+04,6.216736121344155208e-01,1.286173530312513691e+00
5.670977535203698608e+03,8.487336153433904240e-01,8.718225530781427146e-01
3.316658234688570246e+03,9.968866519925572156e-01,1.030881457035038196e+00
3.491849448506139652e+03,9.767620586895481294e-01,2.912869775203540956e-01
4.138941995313113694e+03,9.624775742191646888e-01,1.392084199344437279e+00
9.215981598280064645e+03,7.243335675139133123e-01,1.360981585802905958e+00
4.480190282433288303e+03,9.875836648369962223e-01,7.813000679420212258e-01
4.498209944437689956e+03,2.368401534618247428e-01,9.622818899167541185e-01
1.277787321447045906e+04,9.630980424265582762e-01,9.244525148017983529e-01
9.110871661816934648e+03,9.982941077071902924e-01,2.649477955994467351e-02
1.176474718762054545e+04,9.941607710006803433e-01,1.601644157914546007e-01
3.024297009426344448e+04,9.915634351731146268e-01,1.383485046812097941e-01
2.447718330176455493e+04,9.234723116438010582e-01,1.510693661072299410e+00
4.600618726731016977e+03,9.897082847961743424e-01,6.333692061327396150e-01
4.933558984025635255e+03,5.476559555792630540e-01,1.439834819887109374e+00
2.010987139299264891e+04,9.943280193788005539e-01,1.228930115009954083e+00
2.629722151471778852e+04,9.792474568736947438e-01,1.074264960687743908e+00
3.276272021415627387e+04,9.793984385004839144e-01,3.280412819890581311e-01
1.411357694851920132e+04,9.968760394093363342e-01,1.527286597520873146e+00
5.995749054356133456e+03,9.193688736094912661e-01,8.592988557029666019e-01
6.629552504203591525e+03,9.969509010061212706e-01,1.072358601792070855e-03
5.039282869395041416e+03,7.079439451396085659e-01,3.954119274584466659e-01
6.959660311353086399e+03,9.711357979078726332e-01,6.348463399790297279e-01
1.580422020093041283e+04,9.987719111944299843e-01,5.388724720983212313e-01
8.222563270359247326e+03,9.646532935888134652e-01,5.420136576352898583e-01
2.775808293361201868e+04,9.218424586088341810e-01,1.059299107356413305e+00
1.892305425892454514e+04,9.986601934176779771e-01,1.242270972954079067e+00
1.968775439591377653e+04,7.670975162213667931e-01,3.199581322769576852e-01
5.160335579117757334e+03,6.879163380625318291e-01,1.128650192700383581e+00
4.366439657267409530e+03,9.972890589394969307e-01,8.490599046441912878e-02
2.262989434776885901e+04,6.343550461090278203e-01,7.333468334749246309e-02
4.551806763091146422e+03,5.782280693972166041e-01,2.824882385906416493e-01
2.967579562611054826e+03,9.905479711367977114e-01,1.023821722233602349e+00
1.246364696064389318e+04,9.989006047931505705e-01,6.094780643314047230e-01
1.588429178141950979e+04,9.865925243559049429e-01,1.148062803577182933e+00
2.155970754064412540e+04,8.939488609741201852e-01,4.460919934651056962e-01
3.290275492362354726e+03,9.608933469141157646e-01,1.293751854336673279e+00
2.276014801304252251e+04,9.985498153222214235e-01,1.037563927421932153e+00
1.944123456034286937e+04,9.790763479268844716e-01,1.233093220228522302e+00
1.327106820558478103e+04,9.851857815986178046e-01,1.424481224304349869e+00
1.800296747409197997e+04,5.518715571203365311e-01,3.149973292606491615e-01
1.763976613555695440e+04,9.487045782355192358e-01,3.826590597692586804e-01
5.164018320015559766e+03,6.404443783774078636e-01,9.162896971490327447e-01
1.761896573388144679e+04,9.932019602796839930e-01,1.231092540695391646e+00
4.701022537121667483e+03,2.164189930047762944e-01,6.084234379091943978e-01
3.190637098431606864e+04,4.248766085018171879e-01,2.628607823899739571e-01
1.447504653517370207e+04,9.746909735632157679e-01,1.541707556179057297e-02
5.222114145197695507e+03,6.639131516875897976e-01,7.911367162802415698e-02
1.336100908753171643e+04,9.974335626909780483e-01,2.716583646977496214e-01
1.900039380570183494e+04,9.977469463351563705e-01,1.318244450997440032e+00
2.301194489443073689e+04,9.931210246309563061e-01,4.482314384412195429e-01
1.110970316976815047e+04,9.862386628028461111e-01,3.203115430000960662e-02
3.248613303540979359e+03,9.840235644900735545e-01,5.854857121861336555e-01
1.279861840141032189e+04,2.240453313444654704e-01,1.766354556190533054e-01
4.895129335621293649e+03,9.967357676260827359e-01,1.069503492388199639e+00
5.187420134103165765e+03,9.629080048104290412e-01,1.157196506391632962e+00
1.383860407475234388e+04,9.963250118105719810e-01,4.071232533047828284e-01
2.782712581472326747e+03,9.951584799202238818e-01,1.348183240487897727e+00
4.676539470969180002e+03,9.856267904519261380e-01,9.068017760391698934e-01
1.949831640549641452e+04,9.967111402301024325e-01,8.496313624817377619e-01
4.165218273152525398e+03,9.872594181235276878e-01,1.153656712609932189e+00
9.792891161448507773e+03,8.564638888045944531e-01,1.439444718422845382e+00
2.217645736325637336e+04,8.722982903326194082e-01,1.276004931385288810e+00
6.345834044967086811e+03,7.558810329749710011e-01,1.179144134169873182e+00
3.427660389268145991e+03,8.348575628439094398e-01,1.195550426601863059e+00
7.915955322811822953e+03,9.907708732612172664e-01,1.489815767824153703e+00
3.694054998001502554e+03,9.718896594676271761e-01,1.243761275714177161e+00
1.051124877080261467e+04,9.827240746700216523e-01,2.393876182480708659e-01
2.480551949052576674e+04,8.813545621920522155e-01,2.664168745897522728e-01
8.340933228325151504e+03,8.041577455394539609e-01,1.378633688374376831e+00
2.100222293706593337e+04,3.980900014022474842e-01,7.922788863302475670e-01
3.831998788493234315e+03,9.140013516199225752e-01,5.822371532276207073e-01
3.235530252570894299e+04,9.142751209794710565e-01,9.994152484157297067e-01
2.610453365035805291e+03,8.686375471175079577e-01,6.641835344851612123e-03
2.960223166312334342e+03,9.958384071483610267e-01,1.497300992615170578e+00
3.636768127430528693e+03,5.262568379827835541e-01,1.117668851990620160e+00
2.792780739550714134e+04,9.261864974707219034e-01,1.429738263421364675e+00
3.045859467085485085e+04,9.619807060619712802e-01,8.704309965736711785e-02
8.031549025506357793e+03,8.770219617356000974e-01,4.334123674294095285e-01
1.064535308152968719e+04,9.461145599318061539e-01,9.442383623756467337e-01
1.030984363111137827e+04,8.829064618228695815e-01,2.291381001528693395e-01
5.815240147277743745e+03,9.644853889919233758e-01,5.339761424106742593e-01
3.828684660742199867e+03,9.941587358578228839e-01,5.397474225129406111e-01
2.423804350798284941e+04,4.964061310269661798e-01,5.639455631826744142e-01
6.718980836501444173e+03,9.795166646044872749e-01,1.356082229077320456e+00
1.411064925512804257e+04,9.961236986748228661e-01,1.066276579741506136e+00
1.486677320241708549e+04,9.989897280189362627e-01,5.572929364221838044e-01
1.187446297278014208e+04,9.988715926037754489e-01,3.124311941421070160e-01
3.896968532375754421e+03,9.922103798194781277e-01,1.070425115501183744e-01
2.048020297182586364e+04,9.974675781319246592e-01,7.332012226655842957e-01
2.540341351381740242e+04,9.670620819192092821e-01,6.581136699835125892e-02
3.012692973617619373e+03,9.051062473687589982e-01,1.447047580313919779e+00
7.866734348966488142e+03,9.970834592632193960e-01,9.771560232103470023e-01
1.034313547038839351e+04,9.977220797881201086e-01,1.146618290990456757e+00
5.448151280276898433e+03,5.999504600842108237e-01,1.020436879260159024e+00
1.142400010186165673e+04,9.976748382968936291e-01,1.187467329693421503e+00
1.070111953202831319e+04,9.893113762847686177e-01,3.027627111030923857e-01
1.413168586973153651e+04,9.885083974865762624e-01,4.201738771660541438e-01
4.006692851211153538e+03,9.767114470689575167e-01,1.143811986032814643e+00
6.276028976483994484e+03,9.968690646660719468e-01,8.340292700138924875e-01
3.758089503737675386e+03,9.947706905511976005e-01,2.384342820701559063e-01
6.947055863804802357e+03,9.239114964952621634e-01,1.751081747754337781e-02
1.460691394743497949e+04,8.777193683644377575e-01,6.963498398785348265e-01
3.656395417935938440e+03,9.882692522596607798e-01,5.404843748179574137e-01
6.023717558591585657e+03,6.071305534211023369e-01,2.781333899278002481e-02
1.454733504998852732e+04,9.766408690336252363e-01,1.486370677085464997e+00
2.205290075903183606e+04,9.760250366441242109e-01,1.371671653780801359e+00
3.703404929736623671e+03,9.962088233671585469e-01,2.271823582885282578e-01
2.734790340864224345e+04,9.942776121569077974e-01,5.644349829023579540e-02
7.555387109075284570e+03,8.551039480053586050e-01,4.390248016018375443e-01
4.019433445971626497e+03,9.096790845096053291e-01,8.094730018735646349e-01
4.256214669509003215e+03,9.906876541036917505e-01,1.973181706753658338e-01
1.422890483636941281e+04,9.561476988556787404e-01,2.376618679193633343e-01
4.514168053557546955e+03,9.056580841261503423e-01,2.539512666289281406e-01
6.396865242791823221e+03,9.912219736846989981e-01,1.544937535320490829e+00
1.436572032843464694e+04,9.911174048156426997e-01,1.112071072439333230e+00
2.946856784524063187e+04,9.005329531259984588e-01,9.345863100012701263e-01
2.518670822700340068e+04,9.694772516582538247e-01,9.594590174578967456e-01
2.003688492130864688e+04,9.979360837978518139e-01,1.058668712879185181e+00
7.464965653950560409e+03,4.694862248562562401e-01,1.337417854433557762e+00
1.150425632984853291e+04,9.464946640823410640e-01,1.372957798616901259e+00
9.989090900944294845e+03,6.809217801188540697e-01,4.306024227701443774e-01
1.469511667391841729e+04,8.785888256674445618e-01,1.008537472011979741e+00
8.073836441449834638e+03,9.967924522503285312e-01,1.388628421762297283e+00
2.615043838920693088e+04,9.943413691408818922e-01,1.014736486968591311e+00
1.621363540362077401e+04,9.270129217936433630e-01,2.045422119204530487e-01
1.042363436035666382e+04,9.394677452312828470e-01,1.570406982394855211e+00
1.530112272362787007e+04,9.961055660489478436e-01,1.505621731894437876e-01
1.778154169492463552e+04,8.343128005656459401e-01,1.325876402199124948e+00
1.225767674488422199e+04,9.910265719795876560e-01,7.161863073057150864e-01
9.223153136742550487e+03,9.702147710974949879e-01,7.325177468364464373e-01
1.520356369793005979e+04,9.969270937780091435e-01,1.520047874370442365e-01
1.039229560299839068e+04,9.916411143808918638e-01,9.610043821896619987e-01
7.643907725721921452e+03,9.946889246942226537e-01,1.255647573011761997e+00
2.605733131283197872e+04,9.655608865189890810e-01,9.902063079369646248e-01
1.713425134469721525e+04,9.792558383895003660e-01,1.008056255935351864e+00
3.892388657828814303e+03,9.828727239145197414e-01,1.406654259221809200e+00
1.114493991453187300e+04,9.980466174086511932e-01,8.262913919147164554e-01
2.671145248561237895e+04,7.520255878267417815e-01,7.980579133453904461e-01
3.231317968183862831e+03,9.899303594371618997e-01,1.952891608476751417e-01
2.598277767389312430e+03,4.541387258861869780e-01,1.701183296196505657e-01
3.788700547264717443e+03,9.621818845948747478e-01,9.300300785551987026e-01
5.786376025203504469e+03,7.431079374146351002e-01,1.278781673241260186e-01
3.070148458019077225e+03,2.221698500738944482e-02,9.668614630123795184e-01
4.523342274564892250e+03,9.973411629527147992e-01,2.850257008180127616e-01
1.810772857030405066e+04,8.548226094974261668e-01,1.537900104387636802e+00
8.944758018919794267e+03,6.849937878787479839e-01,2.140590523985861915e-01
3.306399671620332356e+03,9.567755897951941702e-01,1.028860175929484422e+00
1.148196917400626808e+04,9.871314197533944679e-01,1.305176299719895239e+00
3.130923814066650721e+03,9.427302026641192212e-01,1.370203315712853698e+00
1.104298042996322874e+04,9.988272926247386829e-01,1.478902619811543806e+00
3.484611286503840802e+03,9.082714592035243673e-01,4.653075929977520953e-01
9.673631556255048054e+03,9.612353993599709323e-01,3.073514510804223332e-01
4.305275903605055646e+03,9.972765471722979669e-01,3.610763394713945584e-01
6.003668417761808996e+03,9.704949130182838335e-01,1.381220638946247359e+00
4.714615872335561107e+03,9.658242707458480902e-01,2.997218989818833390e-01
4.209739535574326510e+03,8.086405642821692386e-01,8.573931984750753355e-01
5.419278578369960087e+03,9.981103865603654368e-01,1.525638040698619413e+00
5.613266239085770394e+03,9.839313601626972217e-01,1.417212667717359542e+00
1.212641912622319796e+04,8.657380262219198652e-01,3.521112571363941846e-01
2.883923792940894782e+04,9.660271614260238504e-01,9.337687357584706360e-01
1.715328906918207576e+04,9.947690885158494423e-01,8.935679108904043266e-01
4.509900817502064456e+03,9.716320054564644426e-01,2.623110462461647474e-01
2.235143977294565411e+04,8.928165620713679473e-01,5.081314693444498598e-01
1.609211675760030630e+04,9.376429159389749746e-01,1.098506247306291761e-01
4.653138481805940501e+03,9.724422775776434547e-01,7.676360112950494363e-01
4.195856919892348742e+03,9.948487696219320275e-01,6.188888217293462279e-01
5.839028770067515325e+03,9.572889067763672433e-01,5.566801193503166933e-01
1.325037809528028265e+04,9.952181223892512252e-01,8.520579902490821311e-01
2.123276766558740201e+04,5.477655428809590221e-01,1.143998007259897198e+00
8.611015488803155677e+03,7.784908118347464434e-01,3.176444213899729530e-01
2.523915388752657236e+04,9.098776125752147115e-01,3.004507317688401846e-01
2.442399269174571236e+04,7.979531520921165910e-01,1.158255092437300071e+00
4.289043021640417464e+03,7.325777719488304474e-01,6.457125695509866592e-01
1.641083565065006769e+04,8.650167710003910937e-01,4.037399900366864802e-01
5.678753742821376363e+03,9.961659350523934808e-01,9.290146071821833162e-01
1.274205870659760694e+04,3.920593351827372786e-03,1.391109887632456577e+00
2.919885126524398584e+04,9.622291208321437361e-01,1.037418908319320154e+00
1.517246460826726798e+04,8.577623396079698814e-01,1.181863718328852286e+00
7.303220355146333532e+03,8.248187748940809527e-01,1.298274727285441132e+00
1.206323401456559441e+04,1.514212215206409695e-01,1.332667286339012769e+00
9.666794087910397138e+03,8.513003003870642793e-01,5.553807435753868038e-01
3.251617781640124304e+04,9.963619156287611967e-01,1.458099805882391964e+00
1.666586749479201899e+04,8.929920008553865474e-01,8.762796493764125894e-02
2.725120830809604377e+04,9.915465976358608380e-01,6.072077845097038074e-01
5.384182409238431319e+03,2.907707131808922041e-01,3.966837449543820227e-01
1.491224133468124455e+04,7.680536982824548442e-01,9.660316513164692864e-01
1.363359182377072284e+04,9.960129919153857259e-01,5.361447910041068354e-01
2.942119767640622285e+03,9.884194002256136979e-01,8.480009033343728353e-01
1.671351180170419684e+04,9.979849668181171030e-01,1.789551801978859491e-01
2.983274401741427209e+04,9.868715941482221199e-01,2.328367895734743120e-01
2.114112674667086685e+04,3.898912662936101503e-01,1.655851619632347227e-01
2.064546778778224689e+04,9.952649343371088309e-01,7.035248877452630056e-01
3.038315417922411143e+04,9.771946874377813730e-01,1.435582167024760603e+00
2.699100825106945649e+03,8.816146452046499382e-01,4.702794450187071651e-01
4.356692020154110651e+03,9.976510616832753309e-01,9.779149720086475206e-01
2.330863258713568212e+04,7.507456527310704120e-01,1.347642415726739949e-02
1.160442395504616434e+04,9.200260550051614361e-01,1.567061190513462821e+00
4.451931517142584198e+03,5.790624529456729341e-01,1.514926165541609748e+00
2.845504181474055804e+04,9.560987587475882066e-01,1.195061211930446454e+00
7.428652133826691170e+03,9.847756600049886178e-01,1.302886141760591032e+00
1.178782127643638887e+04,9.651295764342193717e-01,1.021951616631812776e+00
1.939104153892061368e+04,9.751749515469985141e-01,3.082076500708370598e-03
2.827246244819183630e+03,7.231692449425304314e-01,4.852549881736608617e-01
4.746404508928399082e+03,6.450424485488521764e-01,4.599330041340583541e-01
1.327972218093126503e+04,9.910522324039373609e-01,3.372726932539856781e-01
4.877422620350177567e+03,9.933042402124683257e-01,1.253792409112088668e+00
1.149681129098648853e+04,5.176124464517388724e-01,1.222353520759622558e+00
6.902201925170839786e+03,5.122939319693997628e-01,5.434070007488549514e-01
1.575296668613942347e+04,6.932045561567290459e-01,2.631252257513278514e-01
1.002936920353096320e+04,8.876208730710956063e-01,3.849426926487155010e-01
3.293196239280955524e+03,5.994706307756879626e-01,1.093099995786065870e+00
5.085432816853180157e+03,9.050521217422993203e-01,7.207411394701994656e-01
6.179137054966995493e+03,8.858226166926279621e-01,2.810451228822958766e-02
5.612092864641896995e+03,8.919882940340595479e-02,9.009132680699130091e-01
1.112382846131124097e+04,9.950192321069676327e-01,1.169253414049534312e+00
1.763635912697287858e+04,9.975180913581992437e-01,8.382758395136155061e-01
5.495410192136680052e+03,9.450552480127936139e-01,1.490575411557074403e+00
3.088141341316317266e+04,9.796120354048154510e-01,1.536820027222863594e+00
1.019189338987148767e+04,9.980959376631117763e-01,9.907395760205278679e-01
7.606501242209987140e+03,9.967159472531615938e-01,1.380525582232550397e+00
9.564287688892729420e+03,9.302573721828639730e-01,1.334214003742618671e+00
6.654250433594126662e+03,9.981599743696780713e-01,7.605786701966683605e-01
2.246956155782040514e+04,9.739389272513804263e-01,1.447276732726588744e+00
4.249770290404746447e+03,9.329334433751961253e-01,2.956619374937680123e-01
1.700296102121585136e+04,6.241615807945211092e-01,1.245817581925469542e+00
7.721452156444990578e+03,9.941744737959957723e-01,3.574221498583877721e-01
2.748541878860786164e+04,9.973571648850555471e-01,4.924306736041891286e-01
1.739937174422784301e+04,9.858343883990213774e-01,7.991522085990073743e-01
5.250665066726400255e+03,6.590450316501434980e-01,3.448604657952859531e-01
6.429726353250329339e+03,9.684859443900903919e-01,8.646078918429470628e-01
2.540024579153755440e+03,9.812497704146005972e-01,1.366507240069506857e+00
1.117695395465832371e+04,9.967665909042857653e-01,8.865789682972776697e-01
6.093684456428042722e+03,9.964588534935905351e-01,1.122397741189671505e+00
3.140615813244459332e+03,5.643487435008396336e-01,1.269114817612155166e+00
1.419580521966757442e+04,9.139022616560217305e-01,7.258762142840008424e-01
1.814107123726705322e+04,9.944227308986167690e-01,8.205547976364733209e-01
9.337942398062219581e+03,9.898249401458560914e-01,1.151804258366263128e-01
3.455642023408277510e+03,4.822217867600223640e-01,6.189671562600486121e-01
9.038213631137399716e+03,8.417429417017777693e-01,5.837743346969063163e-01
1.997995948236512049e+04,9.262530226403558054e-01,8.342472118864356911e-01
3.930905912851747871e+03,9.921111237152054896e-01,2.234297394566613637e-01
1.369993036067278445e+04,9.363686293760620227e-01,1.468157058416460048e+00
1.043133767637045275e+04,9.971058229223646041e-01,3.157624435475757385e-02
2.910061326485138852e+04,4.232139195644635254e-01,1.154066113345874500e+00
4.528359058286430809e+03,8.607884959546892034e-01,7.027001579386605856e-01
8.853026135317635635e+03,9.579279866999272919e-01,1.357178149937120493e+00
3.622422376909096783e+03,8.111351976125575902e-01,1.047901923478668784e-01
1.313055024456829051e+04,9.418662990605678464e-01,3.790296856244647627e-01
1.081407568655832438e+04,9.929424733211703602e-01,1.023492878636220293e+00
2.922551269793284973e+03,9.720562609528360376e-01,1.313123269723441844e+00
1.071671991410632836e+04,9.988033753246136071e-01,1.474154158702570550e-01
7.971341629239959730e+03,9.459592032366250791e-01,5.039778183373024856e-01
2.791917080016816726e+03,8.749301008320513606e-01,1.396428421347405857e+00
7.438865806753144170e+03,9.877194053833092680e-01,1.095481857575656415e+00
5.953806224759558063e+03,9.616332934061797566e-01,6.615658846381256009e-01
3.366713242222622284e+03,9.247322799233702595e-01,6.465984349389682084e-02
3.864561582273302520e+03,7.168019087982233639e-01,6.280928712653547352e-01
2.606647289123709561e+04,9.724191807555935263e-01,1.288383950580823223e+00
4.177005785892246422e+03,9.847022290303895087e-01,7.817156538674405741e-01
1.443644541945481251e+04,6.786200495520533504e-01,2.563782969706408510e-01
5.175283130220642306e+03,1.663010229843066012e-01,1.416367681679026269e+00
2.465618764564001685e+04,4.001175848820496261e-01,3.660294739673764508e-01
3.730159613162873484e+03,9.507056254424820496e-01,1.111544730103610767e+00
3.991973555000023680e+03,9.956694403108744540e-01,5.733555500669457183e-01
3.222696878722716974e+03,9.927158516493022056e-01,1.211259034537493173e+00
2.276152016180663122e+04,9.835328315883126171e-01,9.465571256368467967e-01
1.861582190107257702e+04,9.947075483214443681e-01,5.635961605570835031e-01
2.020299336065427269e+04,9.978371366446603385e-01,2.836510471179764514e-01
1.825212822443684854e+04,9.698252089493918371e-01,4.502721692245313378e-01
